id,name,age,nationality,country,club,leagueName,position,alternativePositions,preferredFoot,marketValue,OVR,PAC,SHO,PAS,DRI,DEF,PHY,cardType,source
isr_1,Ofek Melika,,Israel,Israel,Maccabi Tel Aviv,Ligat Ha'al,GK,,,,82,43,35,54,49,35,61,active,israeli
isr_2,Roei Amedi,,Israel,Israel,Maccabi Tel Aviv,Ligat Ha'al,GK,,,,84,45,35,57,42,35,63,active,israeli
isr_3,Shalev Sa'adia,,Israel,Israel,Maccabi Tel Aviv,Ligat Ha'al,GK,,,,85,45,35,56,51,35,63,active,israeli
isr_4,Roi Mishpati,,Israel,Israel,Maccabi Tel Aviv,Ligat Ha'al,GK,,,,77,45,35,47,42,35,62,active,israeli
isr_5,Roy Revivo,,Israel,Israel,Maccabi Tel Aviv,Ligat Ha'al,CB,,,,83,58,35,49,52,95,92,active,israeli
isr_6,Heitor,,Brazil,Brazil,Maccabi Tel Aviv,Ligat Ha'al,CB,,,,83,63,35,45,48,95,95,active,israeli
isr_7,Mohamed Ali Camara,,Guinea,Guinea,Maccabi Tel Aviv,Ligat Ha'al,CB,,,,84,64,35,47,50,95,90,active,israeli
isr_8,Tyrese Asante,,Netherlands,Netherlands,Maccabi Tel Aviv,Ligat Ha'al,LB,,,,84,73,39,56,61,80,57,active,israeli
isr_9,Sagiv Yehezkel,,Israel,Israel,Maccabi Tel Aviv,Ligat Ha'al,RB,,,,84,73,39,56,61,80,57,active,israeli
isr_10,Raz Shlomo,,Israel,Israel,Maccabi Tel Aviv,Ligat Ha'al,CB,,,,78,57,35,49,43,93,89,active,israeli
isr_11,Denny Gropper,,Israel,Israel,Maccabi Tel Aviv,Ligat Ha'al,CB,,,,74,55,35,39,42,89,86,active,israeli
isr_12,Noam Ben Harush,,Israel,Israel,Maccabi Tel Aviv,Ligat Ha'al,CB,,,,71,55,35,39,42,87,76,active,israeli
isr_13,Itay Ben Hemo,,Israel,Israel,Maccabi Tel Aviv,Ligat Ha'al,LB,,,,72,67,39,53,48,65,54,active,israeli
isr_14,Kervin Andrade,,Venezuela,Venezuela,Maccabi Tel Aviv,Ligat Ha'al,CDM,,,,89,64,39,76,60,95,92,active,israeli
isr_15,Kristijan Belić,,Serbia,Serbia,Maccabi Tel Aviv,Ligat Ha'al,CM,,,,75,64,49,75,62,53,50,active,israeli
isr_16,Ben Lederman,,Poland,Poland,Maccabi Tel Aviv,Ligat Ha'al,CM,,,,83,62,55,84,70,59,57,active,israeli
isr_17,Issouf Sissokho,,Mali,Mali,Maccabi Tel Aviv,Ligat Ha'al,CAM,,,,80,59,70,88,89,35,46,active,israeli
isr_18,Itamar Noy,,Israel,Israel,Maccabi Tel Aviv,Ligat Ha'al,LM,,,,73,83,55,62,80,35,46,active,israeli
isr_19,Ido Shahar,,Israel,Israel,Maccabi Tel Aviv,Ligat Ha'al,RM,,,,84,92,70,78,89,35,59,active,israeli
isr_20,Dor Peretz,,Israel,Israel,Maccabi Tel Aviv,Ligat Ha'al,CDM,,,,82,58,43,78,54,89,84,active,israeli
isr_21,Osher Davida,,Israel,Israel,Maccabi Tel Aviv,Ligat Ha'al,CM,,,,74,55,49,74,63,53,50,active,israeli
isr_22,Yonas Malede,,Israel,Israel,Maccabi Tel Aviv,Ligat Ha'al,ST,,,,82,80,95,49,78,35,83,active,israeli
isr_23,Elad Madmon,,Israel,Israel,Maccabi Tel Aviv,Ligat Ha'al,ST,,,,84,84,95,52,73,35,87,active,israeli
isr_24,Hélio Varela,,Cape Verde,Cape Verde,Maccabi Tel Aviv,Ligat Ha'al,LW,,,,83,95,72,62,95,35,54,active,israeli
isr_25,Sayed Abu Farchi,,Israel,Israel,Maccabi Tel Aviv,Ligat Ha'al,RW,,,,81,95,75,65,92,35,49,active,israeli
isr_26,Ilay Ben Simon,,Israel,Israel,Maccabi Tel Aviv,Ligat Ha'al,ST,,,,75,73,91,45,72,35,76,active,israeli
isr_27,Emir Sahiti,,Kosovo,Kosovo,Maccabi Tel Aviv,Ligat Ha'al,ST,,,,82,86,95,46,75,35,80,active,israeli
isr_28,Ion Nicolaescu,,Moldova,Moldova,Maccabi Tel Aviv,Ligat Ha'al,LW,,,,86,95,77,67,95,35,50,active,israeli
isr_29,Shareef Keouf,,Israel,Israel,Maccabi Haifa,Ligat Ha'al,GK,,,,77,44,35,46,41,35,61,active,israeli
isr_30,Roee Fucs,,Israel,Israel,Maccabi Haifa,Ligat Ha'al,GK,,,,84,46,35,58,43,35,64,active,israeli
isr_31,Heorhiy Yermakov,,Ukraine,Ukraine,Maccabi Haifa,Ligat Ha'al,GK,,,,86,48,35,60,45,35,67,active,israeli
isr_32,Glenn Alvin,,Israel,Israel,Maccabi Haifa,Ligat Ha'al,GK,,,,80,44,35,55,41,35,61,active,israeli
isr_33,Zohar Zasno,,Israel,Israel,Maccabi Haifa,Ligat Ha'al,CB,,,,86,65,35,47,50,95,95,active,israeli
isr_34,Sean Goldberg,,Israel,Israel,Maccabi Haifa,Ligat Ha'al,CB,,,,85,59,35,50,53,95,94,active,israeli
isr_35,Lisav Eissat,,ROU,ROU,Maccabi Haifa,Ligat Ha'al,CB,,,,84,60,35,52,46,95,95,active,israeli
isr_36,Jelle Bataille,,Belgium,Belgium,Maccabi Haifa,Ligat Ha'al,LB,,,,83,76,43,59,55,74,61,active,israeli
isr_37,Pierre Cornud,,France,France,Maccabi Haifa,Ligat Ha'al,RB,,,,79,76,35,51,55,74,61,active,israeli
isr_38,Yinon Feingezicht,,Israel,Israel,Maccabi Haifa,Ligat Ha'al,CB,,,,71,51,35,44,38,83,81,active,israeli
isr_39,Abdoulaye Seck,,Senegal,Senegal,Maccabi Haifa,Ligat Ha'al,CB,,,,83,62,35,44,47,95,95,active,israeli
isr_40,Noam Sztejfman,,Israel,Israel,Maccabi Haifa,Ligat Ha'al,CB,,,,82,63,35,46,49,95,88,active,israeli
isr_41,Elad Amir,,Israel,Israel,Maccabi Haifa,Ligat Ha'al,LB,,,,80,71,38,54,59,78,56,active,israeli
isr_42,Eylon Baruch,,Israel,Israel,Maccabi Haifa,Ligat Ha'al,RB,,,,70,64,37,51,46,62,51,active,israeli
isr_43,Pedrão,,Brazil,Brazil,Maccabi Haifa,Ligat Ha'al,CB,,,,76,55,35,47,41,89,86,active,israeli
isr_44,Tomi Tsitoashvili,,Israel,Israel,Maccabi Haifa,Ligat Ha'al,CB,,,,74,57,35,41,44,91,79,active,israeli
isr_45,Ali Mohamed,,NIG,NIG,Maccabi Haifa,Ligat Ha'al,CDM,,,,84,57,41,77,61,88,83,active,israeli
isr_46,Dolev Haziza,,Israel,Israel,Maccabi Haifa,Ligat Ha'al,CM,,,,86,69,61,91,68,56,63,active,israeli
isr_47,Manuel Benson,,Angola,Angola,Maccabi Haifa,Ligat Ha'al,CM,,,,83,67,60,89,66,55,62,active,israeli
isr_48,Lior Kasa,,Israel,Israel,Maccabi Haifa,Ligat Ha'al,CAM,,,,79,60,71,88,89,35,46,active,israeli
isr_49,Kenny Saief,,United States,United States,Maccabi Haifa,Ligat Ha'al,LM,,,,90,95,73,82,94,35,62,active,israeli
isr_50,Ethan Azoulay,,Israel,Israel,Maccabi Haifa,Ligat Ha'al,RM,,,,85,94,62,71,91,35,61,active,israeli
isr_51,Michael Ohana,,Israel,Israel,Maccabi Haifa,Ligat Ha'al,CDM,,,,70,52,35,60,48,78,74,active,israeli
isr_52,Daniel Darzi,,Israel,Israel,Maccabi Haifa,Ligat Ha'al,CM,,,,77,58,51,78,65,55,52,active,israeli
isr_53,Itay Solomon,,Israel,Israel,Maccabi Haifa,Ligat Ha'al,CM,,,,82,67,60,88,65,55,61,active,israeli
isr_54,Navot Ratner,,Israel,Israel,Maccabi Haifa,Ligat Ha'al,CAM,,,,76,58,69,86,78,35,46,active,israeli
isr_55,Peter Agba,,Nigeria,Nigeria,Maccabi Haifa,Ligat Ha'al,LM,,,,88,95,72,80,92,35,61,active,israeli
isr_56,Silva Kani,,Israel,Israel,Maccabi Haifa,Ligat Ha'al,ST,,,,83,83,95,51,72,35,86,active,israeli
isr_57,Trivante Stewart,,Jamaica,Jamaica,Maccabi Haifa,Ligat Ha'al,ST,,,,87,89,95,46,77,35,92,active,israeli
isr_58,Kenji Gorré,,CUW,CUW,Maccabi Haifa,Ligat Ha'al,LW,,,,84,95,80,70,95,35,52,active,israeli
isr_59,Suf Podgoreanu,,Israel,Israel,Maccabi Haifa,Ligat Ha'al,RW,,,,84,95,80,70,95,35,52,active,israeli
isr_60,Guy Melamed,,Israel,Israel,Maccabi Haifa,Ligat Ha'al,ST,,,,82,86,95,46,75,35,80,active,israeli
isr_61,Liam Luski,,Israel,Israel,Maccabi Haifa,Ligat Ha'al,ST,,,,78,74,93,44,72,35,77,active,israeli
isr_62,Adam Grimberg,,Israel,Israel,Maccabi Haifa,Ligat Ha'al,LW,,,,75,85,67,58,91,35,42,active,israeli
isr_63,Niv Gabay,,Israel,Israel,Maccabi Haifa,Ligat Ha'al,RW,,,,78,91,72,63,88,35,47,active,israeli
isr_64,Cédric Don,,Côte d'Ivoire,Côte d'Ivoire,Maccabi Haifa,Ligat Ha'al,ST,,,,86,86,95,53,74,35,89,active,israeli
isr_65,Ofir Marciano,,Israel,Israel,Hapoel Be'er Sheva,Ligat Ha'al,GK,,,,82,43,35,54,49,35,61,active,israeli
isr_66,Yonatan Shani,,Israel,Israel,Hapoel Be'er Sheva,Ligat Ha'al,GK,,,,81,46,35,57,43,35,63,active,israeli
isr_67,Itay Kanarik,,Israel,Israel,Hapoel Be'er Sheva,Ligat Ha'al,CB,,,,79,58,35,50,44,94,90,active,israeli
isr_68,Or Blorian,,Israel,Israel,Hapoel Be'er Sheva,Ligat Ha'al,CB,,,,85,65,35,47,50,95,91,active,israeli
isr_69,Matan Baltaxa,,Israel,Israel,Hapoel Be'er Sheva,Ligat Ha'al,CB,,,,80,55,35,46,49,95,88,active,israeli
isr_70,Roy Levy,,Israel,Israel,Hapoel Be'er Sheva,Ligat Ha'al,LB,,,,79,74,42,58,53,72,59,active,israeli
isr_71,Guy Mizrahi,,Israel,Israel,Hapoel Be'er Sheva,Ligat Ha'al,RB,,,,75,68,38,53,49,66,54,active,israeli
isr_72,Ofir Davidzada,,Israel,Israel,Hapoel Be'er Sheva,Ligat Ha'al,CB,,,,71,52,35,45,39,84,82,active,israeli
isr_73,Miguel Vitor,,Portugal,Portugal,Hapoel Be'er Sheva,Ligat Ha'al,CB,,,,83,62,35,44,47,95,95,active,israeli
isr_74,Helder Lopes,,Portugal,Portugal,Hapoel Be'er Sheva,Ligat Ha'al,CB,,,,83,60,35,51,45,95,94,active,israeli
isr_75,Djibril Diop,,Senegal,Senegal,Hapoel Be'er Sheva,Ligat Ha'al,LB,,,,80,76,35,50,55,74,61,active,israeli
isr_76,Emmanuel Osai,,Ghana,Ghana,Hapoel Be'er Sheva,Ligat Ha'al,CDM,,,,83,56,41,76,60,87,82,active,israeli
isr_77,Kings Kangwa,,Zambia,Zambia,Hapoel Be'er Sheva,Ligat Ha'al,CM,,,,82,63,56,84,70,60,57,active,israeli
isr_78,Mohammad Kna'an,,Israel,Israel,Hapoel Be'er Sheva,Ligat Ha'al,CM,,,,84,69,53,82,68,57,63,active,israeli
isr_79,Eliel Peretz,,Israel,Israel,Hapoel Be'er Sheva,Ligat Ha'al,CAM,,,,75,56,66,83,84,35,43,active,israeli
isr_80,Shay Elias,,Israel,Israel,Hapoel Be'er Sheva,Ligat Ha'al,LM,,,,76,85,56,64,82,35,56,active,israeli
isr_81,Itay Hazut,,Israel,Israel,Hapoel Be'er Sheva,Ligat Ha'al,RM,,,,82,87,65,73,93,35,55,active,israeli
isr_82,Lucas Ventura,,Brazil,Brazil,Hapoel Be'er Sheva,Ligat Ha'al,CDM,,,,78,53,38,71,57,82,77,active,israeli
isr_83,Yoan Stoyanov,,Bulgaria,Bulgaria,Hapoel Be'er Sheva,Ligat Ha'al,CM,,,,85,68,61,90,67,56,62,active,israeli
isr_84,Dan Biton,,Israel,Israel,Hapoel Be'er Sheva,Ligat Ha'al,ST,,,,85,86,95,53,75,35,89,active,israeli
isr_85,Zahi Ahmed,,Israel,Israel,Hapoel Be'er Sheva,Ligat Ha'al,ST,,,,85,84,95,51,73,35,87,active,israeli
isr_86,Amir Ganah,,Israel,Israel,Hapoel Be'er Sheva,Ligat Ha'al,LW,,,,75,89,71,62,86,35,46,active,israeli
isr_87,Javon East,,Jamaica,Jamaica,Hapoel Be'er Sheva,Ligat Ha'al,RW,,,,85,95,73,62,95,35,54,active,israeli
isr_88,Muhammad Abu Rumi,,Israel,Israel,Hapoel Be'er Sheva,Ligat Ha'al,ST,,,,75,77,86,40,67,35,80,active,israeli
isr_89,Igor Zlatanovic,,Serbia,Serbia,Hapoel Be'er Sheva,Ligat Ha'al,ST,,,,84,87,95,46,76,35,90,active,israeli
isr_90,Samir Farhud,,Israel,Israel,Hapoel Be'er Sheva,Ligat Ha'al,LW,,,,86,95,81,71,95,35,54,active,israeli
isr_91,Amit Ohana,,Israel,Israel,Hapoel Be'er Sheva,Ligat Ha'al,RW,,,,79,89,70,61,95,35,44,active,israeli
isr_92,Dor Binyamini,,Israel,Israel,Hapoel Tel Aviv,Ligat Ha'al,GK,,,,87,51,35,54,48,35,69,active,israeli
isr_93,Assaf Tzur,,Israel,Israel,Hapoel Tel Aviv,Ligat Ha'al,GK,,,,78,45,35,47,42,35,62,active,israeli
isr_94,Gad Amos,,Israel,Israel,Hapoel Tel Aviv,Ligat Ha'al,GK,,,,73,39,35,49,36,35,55,active,israeli
isr_95,Sagi Pinhas,,Israel,Israel,Hapoel Tel Aviv,Ligat Ha'al,GK,,,,75,45,35,47,42,35,52,active,israeli
isr_96,Chico,,Brazil,Brazil,Hapoel Tel Aviv,Ligat Ha'al,CB,,,,79,60,35,43,46,95,92,active,israeli
isr_97,Fernand Mayembo,,CGO,CGO,Hapoel Tel Aviv,Ligat Ha'al,CB,,,,77,55,35,48,42,90,87,active,israeli
isr_98,Doron Leidner,,Israel,Israel,Hapoel Tel Aviv,Ligat Ha'al,CB,,,,67,47,35,41,35,77,75,active,israeli
isr_99,Tal Archel,,Israel,Israel,Hapoel Tel Aviv,Ligat Ha'al,LB,,,,79,75,35,50,54,73,60,active,israeli
isr_100,Shahar Piven,,Israel,Israel,Hapoel Tel Aviv,Ligat Ha'al,RB,,,,72,68,35,45,49,66,55,active,israeli
isr_101,Ofer Gelbard,,Israel,Israel,Hapoel Tel Aviv,Ligat Ha'al,CB,,,,71,49,35,42,45,81,79,active,israeli
isr_102,Yazan Nassar,,Israel,Israel,Hapoel Tel Aviv,Ligat Ha'al,CB,,,,70,47,35,41,44,88,76,active,israeli
isr_103,Marcus Coco,,GLP,GLP,Hapoel Tel Aviv,Ligat Ha'al,CB,,,,74,51,35,44,47,85,82,active,israeli
isr_104,Andrian Kraev,,Bulgaria,Bulgaria,Hapoel Tel Aviv,Ligat Ha'al,CDM,,,,75,51,37,69,55,79,74,active,israeli
isr_105,Xande Silva,,Portugal,Portugal,Hapoel Tel Aviv,Ligat Ha'al,CM,,,,79,59,53,80,67,57,54,active,israeli
isr_106,Stav Turiel,,Israel,Israel,Hapoel Tel Aviv,Ligat Ha'al,CM,,,,79,64,58,85,63,53,59,active,israeli
isr_107,El Yam Kancepolsky,,Israel,Israel,Hapoel Tel Aviv,Ligat Ha'al,CAM,,,,73,61,62,78,80,35,40,active,israeli
isr_108,Roei Alkukin,,Israel,Israel,Hapoel Tel Aviv,Ligat Ha'al,LM,,,,71,77,58,65,74,35,49,active,israeli
isr_109,Amit Lemkin,,Israel,Israel,Hapoel Tel Aviv,Ligat Ha'al,RM,,,,75,82,63,70,79,35,53,active,israeli
isr_110,Falcão,,Brazil,Brazil,Hapoel Tel Aviv,Ligat Ha'al,CDM,,,,81,58,43,77,53,88,83,active,israeli
isr_111,Roy Korine,,Israel,Israel,Hapoel Tel Aviv,Ligat Ha'al,ST,,,,81,81,95,50,70,35,84,active,israeli
isr_112,Emmanuel Boateng,,Ghana,Ghana,Hapoel Tel Aviv,Ligat Ha'al,ST,,,,77,74,92,45,72,35,77,active,israeli
isr_113,Anas Mahamid,,Israel,Israel,Hapoel Tel Aviv,Ligat Ha'al,LW,,,,85,95,80,69,95,35,52,active,israeli
isr_114,Mor Buskila,,Israel,Israel,Hapoel Tel Aviv,Ligat Ha'al,RW,,,,83,95,76,66,95,35,49,active,israeli
isr_115,Daniel Dappa,,Israel,Israel,Hapoel Tel Aviv,Ligat Ha'al,ST,,,,82,81,95,50,70,35,84,active,israeli
isr_116,Omri Altman,,Israel,Israel,Hapoel Tel Aviv,Ligat Ha'al,ST,,,,77,76,94,47,65,35,79,active,israeli
isr_117,Loizos Loizou,,CYP,CYP,Hapoel Tel Aviv,Ligat Ha'al,LW,,,,80,94,75,65,91,35,49,active,israeli
isr_118,Omri Levy,,Israel,Israel,Hapoel Tel Aviv,Ligat Ha'al,RW,,,,75,90,72,63,87,35,47,active,israeli
isr_119,Yehonathan Ozer,,Israel,Israel,Beitar Jerusalem,Ligat Ha'al,GK,,,,71,42,35,43,39,35,57,active,israeli
isr_120,Miguel Silva,,Portugal,Portugal,Beitar Jerusalem,Ligat Ha'al,GK,,,,82,46,35,57,43,35,64,active,israeli
isr_121,Nana Antwi,,Ghana,Ghana,Beitar Jerusalem,Ligat Ha'al,CB,,,,75,57,35,41,44,91,88,active,israeli
isr_122,Brayan Carabalí,,Colombia,Colombia,Beitar Jerusalem,Ligat Ha'al,CB,,,,85,57,35,48,51,95,92,active,israeli
isr_123,Gil Cohen,,Israel,Israel,Beitar Jerusalem,Ligat Ha'al,CB,,,,80,57,35,48,42,93,90,active,israeli
isr_124,Roey Elimelech,,Israel,Israel,Beitar Jerusalem,Ligat Ha'al,LB,,,,77,73,35,48,53,71,58,active,israeli
isr_125,Yarden Cohen,,Israel,Israel,Beitar Jerusalem,Ligat Ha'al,RB,,,,77,71,40,55,51,69,56,active,israeli
isr_126,Grigori Morozov,,Russia,Russia,Beitar Jerusalem,Ligat Ha'al,CB,,,,83,59,35,50,44,95,93,active,israeli
isr_127,Uri Dahan,,Israel,Israel,Beitar Jerusalem,Ligat Ha'al,CB,,,,77,59,35,43,46,94,82,active,israeli
isr_128,Yuval Shalev,,Israel,Israel,Beitar Jerusalem,Ligat Ha'al,CB,,,,67,51,35,36,39,81,79,active,israeli
isr_129,Luka Gadrani,,Georgia,Georgia,Beitar Jerusalem,Ligat Ha'al,LB,,,,80,71,38,54,59,78,56,active,israeli
isr_130,Ziv Ben Shimol,,Israel,Israel,Beitar Jerusalem,Ligat Ha'al,CDM,,,,78,57,35,66,52,86,81,active,israeli
isr_131,Adi Yona,,Israel,Israel,Beitar Jerusalem,Ligat Ha'al,CM,,,,76,64,49,75,62,53,59,active,israeli
isr_132,Dor Micha,,Israel,Israel,Beitar Jerusalem,Ligat Ha'al,CM,,,,81,69,53,81,67,57,54,active,israeli
isr_133,Boris Enow,,Cameroon,Cameroon,Beitar Jerusalem,Ligat Ha'al,CAM,,,,76,61,63,80,81,35,49,active,israeli
isr_134,Aílson Tavares,,Cape Verde,Cape Verde,Beitar Jerusalem,Ligat Ha'al,LM,,,,72,78,59,66,75,35,50,active,israeli
isr_135,Yarden Shua,,Israel,Israel,Beitar Jerusalem,Ligat Ha'al,ST,,,,83,87,95,46,76,35,81,active,israeli
isr_136,Johnbosco Kalu,,Nigeria,Nigeria,Beitar Jerusalem,Ligat Ha'al,ST,,,,78,81,91,42,70,35,84,active,israeli
isr_137,Timothy Muzie,,Israel,Israel,Beitar Jerusalem,Ligat Ha'al,LW,,,,86,95,79,69,95,35,52,active,israeli
isr_138,Dor Hugi,,Israel,Israel,Beitar Jerusalem,Ligat Ha'al,RW,,,,75,85,67,58,91,35,42,active,israeli
isr_139,Omer Atzili,,Israel,Israel,Beitar Jerusalem,Ligat Ha'al,ST,,,,79,79,95,49,68,35,82,active,israeli
isr_140,Yoav Gerafi,,Israel,Israel,Hapoel Haifa,Ligat Ha'al,GK,,,,79,39,35,50,45,35,56,active,israeli
isr_141,Benjamin Macini,,Israel,Israel,Hapoel Haifa,Ligat Ha'al,GK,,,,71,43,35,44,40,35,49,active,israeli
isr_142,Matan Ambar,,Israel,Israel,Hapoel Haifa,Ligat Ha'al,GK,,,,72,38,35,48,44,35,53,active,israeli
isr_143,Ori Levy,,Israel,Israel,Hapoel Haifa,Ligat Ha'al,GK,,,,69,35,35,44,40,35,49,active,israeli
isr_144,Harel Attia,,Israel,Israel,Hapoel Haifa,Ligat Ha'al,GK,,,,78,44,35,55,41,35,61,active,israeli
isr_145,Tamir Arbel,,Israel,Israel,Hapoel Haifa,Ligat Ha'al,CB,,,,75,58,35,42,45,92,80,active,israeli
isr_146,Dor Malul,,Israel,Israel,Hapoel Haifa,Ligat Ha'al,CB,,,,82,56,35,48,51,95,90,active,israeli
isr_147,Ivan Kričak,,Serbia,Serbia,Hapoel Haifa,Ligat Ha'al,CB,,,,75,50,35,43,46,93,81,active,israeli
isr_148,Oren Biton,,Israel,Israel,Hapoel Haifa,Ligat Ha'al,LB,,,,68,66,35,43,48,64,53,active,israeli
isr_149,Dario Župarić,,Croatia,Croatia,Hapoel Haifa,Ligat Ha'al,RB,,,,71,67,35,44,49,65,54,active,israeli
isr_150,Naftali Balay,,Israel,Israel,Hapoel Haifa,Ligat Ha'al,CB,,,,71,49,35,42,45,81,79,active,israeli
isr_151,Liran Serdal,,Israel,Israel,Hapoel Haifa,Ligat Ha'al,CB,,,,75,56,35,40,43,90,87,active,israeli
isr_152,George Diba,,Israel,Israel,Hapoel Haifa,Ligat Ha'al,CB,,,,74,51,35,44,47,85,82,active,israeli
isr_153,Ahmed Mahajna,,Israel,Israel,Hapoel Haifa,Ligat Ha'al,LB,,,,78,72,40,56,52,70,57,active,israeli
isr_154,Saná Gomes,,Guinea-Bissau,Guinea-Bissau,Hapoel Haifa,Ligat Ha'al,RB,,,,76,73,35,49,53,71,59,active,israeli
isr_155,Yonatan Farber,,Israel,Israel,Hapoel Haifa,Ligat Ha'al,CDM,,,,76,56,35,65,52,85,80,active,israeli
isr_156,Sa'ar Fadida,,Israel,Israel,Hapoel Haifa,Ligat Ha'al,CM,,,,77,64,48,75,62,52,58,active,israeli
isr_157,Roy Nawi,,Israel,Israel,Hapoel Haifa,Ligat Ha'al,CM,,,,75,62,47,73,60,51,57,active,israeli
isr_158,Ya'ad Gonen,,Israel,Israel,Hapoel Haifa,Ligat Ha'al,CAM,,,,80,66,68,86,87,35,44,active,israeli
isr_159,Ofek Biton,,Israel,Israel,Hapoel Haifa,Ligat Ha'al,LM,,,,78,81,61,69,87,35,51,active,israeli
isr_160,Sandro Altunashvili,,Georgia,Georgia,Hapoel Haifa,Ligat Ha'al,RM,,,,80,89,59,67,86,35,58,active,israeli
isr_161,Liran Rotman,,Israel,Israel,Hapoel Haifa,Ligat Ha'al,CDM,,,,70,45,35,62,50,80,67,active,israeli
isr_162,Shay Balahsan,,Israel,Israel,Hapoel Haifa,Ligat Ha'al,CM,,,,80,63,56,84,62,51,58,active,israeli
isr_163,Yahali Va'aknin,,Israel,Israel,Hapoel Haifa,Ligat Ha'al,CM,,,,80,60,53,81,68,57,55,active,israeli
isr_164,Naor Sabag,,Israel,Israel,Hapoel Haifa,Ligat Ha'al,CAM,,,,71,54,64,80,73,35,43,active,israeli
isr_165,Itay Buganim,,Israel,Israel,Hapoel Haifa,Ligat Ha'al,ST,,,,78,80,90,41,69,35,83,active,israeli
isr_166,Rotem Hatuel,,Israel,Israel,Hapoel Haifa,Ligat Ha'al,ST,,,,78,77,95,47,66,35,80,active,israeli
isr_167,Anis Porat Ayash,,Israel,Israel,Hapoel Haifa,Ligat Ha'al,LW,,,,77,88,69,60,94,35,44,active,israeli
isr_168,Alon Turgeman,,Israel,Israel,Hapoel Haifa,Ligat Ha'al,RW,,,,74,87,70,61,84,35,45,active,israeli
isr_169,Ahmed Hamam,,Israel,Israel,Hapoel Haifa,Ligat Ha'al,ST,,,,76,77,95,48,66,35,80,active,israeli
isr_170,Roei Zikri,,Israel,Israel,Hapoel Haifa,Ligat Ha'al,ST,,,,75,77,86,40,67,35,80,active,israeli
isr_171,Idan Dadia,,Israel,Israel,Hapoel Haifa,Ligat Ha'al,LW,,,,78,93,74,65,90,35,49,active,israeli
isr_172,Andrija Radulović,,Montenegro,Montenegro,Hapoel Haifa,Ligat Ha'al,RW,,,,72,83,66,57,89,35,42,active,israeli
isr_173,Régis N'do,,Burkina Faso,Burkina Faso,Hapoel Haifa,Ligat Ha'al,ST,,,,81,82,95,51,71,35,85,active,israeli
isr_174,Sa'ar Elkayam,,Israel,Israel,Hapoel Haifa,Ligat Ha'al,ST,,,,83,86,95,45,75,35,89,active,israeli
isr_175,David Ben Lulu,,Israel,Israel,Bnei Sakhnin,Ligat Ha'al,GK,,,,80,44,35,55,41,35,61,active,israeli
isr_176,Mohammed Abu Nil,,Israel,Israel,Bnei Sakhnin,Ligat Ha'al,GK,,,,74,43,35,44,40,35,59,active,israeli
isr_177,Majid Suleiman,,Israel,Israel,Bnei Sakhnin,Ligat Ha'al,GK,,,,72,39,35,49,36,35,54,active,israeli
isr_178,Maroun Gantous,,Israel,Israel,Bnei Sakhnin,Ligat Ha'al,CB,,,,71,55,35,39,42,87,76,active,israeli
isr_179,Karlo Bručić,,Croatia,Croatia,Bnei Sakhnin,Ligat Ha'al,CB,,,,81,55,35,47,50,95,89,active,israeli
isr_180,Alon Azugi,,Israel,Israel,Bnei Sakhnin,Ligat Ha'al,CB,,,,71,48,35,41,44,89,78,active,israeli
isr_181,Hassan Hilu,,Israel,Israel,Bnei Sakhnin,Ligat Ha'al,LB,,,,62,57,35,45,40,55,46,active,israeli
isr_182,Omer Korsia,,Israel,Israel,Bnei Sakhnin,Ligat Ha'al,RB,,,,69,60,35,47,51,67,48,active,israeli
isr_183,Max Grechkin,,Israel,Israel,Bnei Sakhnin,Ligat Ha'al,CB,,,,62,45,35,39,35,72,70,active,israeli
isr_184,Ahmed Taha,,Israel,Israel,Bnei Sakhnin,Ligat Ha'al,CB,,,,66,50,35,35,37,79,77,active,israeli
isr_185,Mustapha Sheikh Yousef,,Israel,Israel,Bnei Sakhnin,Ligat Ha'al,CDM,,,,67,51,35,58,47,76,63,active,israeli
isr_186,Maicom David,,Brazil,Brazil,Bnei Sakhnin,Ligat Ha'al,CM,,,,78,58,52,79,66,56,53,active,israeli
isr_187,Mathew Anim Cudjoe,,Ghana,Ghana,Bnei Sakhnin,Ligat Ha'al,CM,,,,71,60,45,69,58,49,55,active,israeli
isr_188,Omer Abuhav,,Israel,Israel,Bnei Sakhnin,Ligat Ha'al,CAM,,,,67,54,55,70,71,35,43,active,israeli
isr_189,Mohammed Ganame,,Israel,Israel,Bnei Sakhnin,Ligat Ha'al,LM,,,,72,79,60,67,76,35,51,active,israeli
isr_190,Jubayer Bushnak,,Israel,Israel,Bnei Sakhnin,Ligat Ha'al,RM,,,,65,71,55,61,68,35,46,active,israeli
isr_191,Eden Shamir,,Israel,Israel,Bnei Sakhnin,Ligat Ha'al,CDM,,,,72,49,37,67,45,76,72,active,israeli
isr_192,Johan Nzi,,MAD,MAD,Bnei Sakhnin,Ligat Ha'al,CM,,,,73,60,46,70,59,50,56,active,israeli
isr_193,Durel Avounou,,CGO,CGO,Bnei Sakhnin,Ligat Ha'al,CM,,,,69,55,50,73,54,45,51,active,israeli
isr_194,Artur Miranyan,,Armenia,Armenia,Bnei Sakhnin,Ligat Ha'al,ST,,,,72,71,88,44,61,35,73,active,israeli
isr_195,Ibrahima Dramé,,Senegal,Senegal,Bnei Sakhnin,Ligat Ha'al,ST,,,,74,71,89,43,70,35,73,active,israeli
isr_196,Shaker Abu Husein,,Israel,Israel,Bnei Sakhnin,Ligat Ha'al,LW,,,,73,85,68,59,82,35,44,active,israeli
isr_197,Stav Nahmani,,Israel,Israel,Bnei Sakhnin,Ligat Ha'al,RW,,,,77,90,71,62,87,35,46,active,israeli
isr_198,Ahmed Salman,,Israel,Israel,Bnei Sakhnin,Ligat Ha'al,ST,,,,74,71,89,43,70,35,73,active,israeli
isr_199,James Adeniyi,,Nigeria,Nigeria,Bnei Sakhnin,Ligat Ha'al,ST,,,,79,80,95,50,69,35,83,active,israeli
isr_200,Ben Gordin,,Israel,Israel,Hapoel Jerusalem,Ligat Ha'al,GK,,,,68,38,35,48,35,35,53,active,israeli
isr_201,Nadav Zamir,,Israel,Israel,Hapoel Jerusalem,Ligat Ha'al,GK,,,,66,35,35,44,40,35,49,active,israeli
isr_202,Ilay Tovim,,Israel,Israel,Hapoel Jerusalem,Ligat Ha'al,GK,,,,67,41,35,42,38,35,46,active,israeli
isr_203,Inon Eliyahu,,Israel,Israel,Hapoel Jerusalem,Ligat Ha'al,CB,,,,76,54,35,46,40,88,85,active,israeli
isr_204,Noam Malmoud,,Israel,Israel,Hapoel Jerusalem,Ligat Ha'al,CB,,,,78,52,35,44,47,95,84,active,israeli
isr_205,Yonathan Laish,,Israel,Israel,Hapoel Jerusalem,Ligat Ha'al,CB,,,,78,53,35,45,48,95,85,active,israeli
isr_206,Omer Agvadish,,Israel,Israel,Hapoel Jerusalem,Ligat Ha'al,LB,,,,72,62,35,48,52,69,49,active,israeli
isr_207,Ofek Nadir,,Israel,Israel,Hapoel Jerusalem,Ligat Ha'al,RB,,,,74,71,35,47,52,69,57,active,israeli
isr_208,Tamir Haimovich,,Israel,Israel,Hapoel Jerusalem,Ligat Ha'al,CB,,,,69,46,35,39,42,86,74,active,israeli
isr_209,Harel Shalom,,Israel,Israel,Hapoel Jerusalem,Ligat Ha'al,CB,,,,71,49,35,42,45,81,79,active,israeli
isr_210,David Domgjoni,,KVX,KVX,Hapoel Jerusalem,Ligat Ha'al,CB,,,,76,52,35,44,47,95,83,active,israeli
isr_211,Awaka Ashta,,Israel,Israel,Hapoel Jerusalem,Ligat Ha'al,CDM,,,,77,55,41,73,50,84,79,active,israeli
isr_212,Ilay Madmon,,Israel,Israel,Hapoel Jerusalem,Ligat Ha'al,CM,,,,74,55,49,74,63,53,50,active,israeli
isr_213,John Otomewo,,Nigeria,Nigeria,Hapoel Jerusalem,Ligat Ha'al,CM,,,,68,52,47,70,60,42,48,active,israeli
isr_214,Yanai Distelfeld,,Israel,Israel,Hapoel Jerusalem,Ligat Ha'al,CAM,,,,70,57,58,73,75,35,45,active,israeli
isr_215,Ayano Preda,,Israel,Israel,Hapoel Jerusalem,Ligat Ha'al,LM,,,,66,74,48,55,71,35,49,active,israeli
isr_216,Netanel Shiferaw,,Israel,Israel,Hapoel Jerusalem,Ligat Ha'al,RM,,,,68,76,50,57,73,35,50,active,israeli
isr_217,Daniel Koudougou,,Côte d'Ivoire,Côte d'Ivoire,Hapoel Jerusalem,Ligat Ha'al,CDM,,,,76,52,38,70,48,81,76,active,israeli
isr_218,Itay Zada,,Israel,Israel,Hapoel Jerusalem,Ligat Ha'al,CM,,,,64,48,44,65,55,48,44,active,israeli
isr_219,Matan Hozez,,Israel,Israel,Hapoel Jerusalem,Ligat Ha'al,ST,,,,79,78,95,48,67,35,81,active,israeli
isr_220,Marko Rakonjac,,Montenegro,Montenegro,Hapoel Jerusalem,Ligat Ha'al,ST,,,,81,77,95,46,75,35,80,active,israeli
isr_221,Ruel Sotiriou,,CYP,CYP,Hapoel Jerusalem,Ligat Ha'al,LW,,,,77,95,67,58,92,35,42,active,israeli
isr_222,Guy Badash,,Israel,Israel,Hapoel Jerusalem,Ligat Ha'al,RW,,,,72,84,67,58,81,35,43,active,israeli
isr_223,Andrew Idoko,,Nigeria,Nigeria,Hapoel Jerusalem,Ligat Ha'al,ST,,,,79,77,95,47,75,35,80,active,israeli
isr_224,Mohamed Diab,,Israel,Israel,Hapoel Jerusalem,Ligat Ha'al,ST,,,,72,76,84,40,66,35,69,active,israeli
isr_225,Ibeh Ransom,,Nigeria,Nigeria,Hapoel Jerusalem,Ligat Ha'al,LW,,,,81,95,77,67,94,35,51,active,israeli
isr_226,Israel Dappa,,Israel,Israel,Hapoel Jerusalem,Ligat Ha'al,RW,,,,70,85,59,51,82,35,45,active,israeli
isr_227,Ohad Almagor,,Israel,Israel,Hapoel Jerusalem,Ligat Ha'al,ST,,,,73,73,91,45,63,35,75,active,israeli
isr_228,Tomer Tzarfati,,Israel,Israel,Maccabi Netanya,Ligat Ha'al,GK,,,,80,48,35,50,45,35,56,active,israeli
isr_229,Omer Nir'on,,Israel,Israel,Maccabi Netanya,Ligat Ha'al,GK,,,,72,37,35,47,43,35,52,active,israeli
isr_230,Niv Antman,,Israel,Israel,Maccabi Netanya,Ligat Ha'al,GK,,,,77,43,35,54,40,35,60,active,israeli
isr_231,Daniel Cohen,,Israel,Israel,Maccabi Netanya,Ligat Ha'al,GK,,,,72,38,35,48,44,35,53,active,israeli
isr_232,Tohar Teana,,Israel,Israel,Maccabi Netanya,Ligat Ha'al,CB,,,,72,49,35,42,45,90,79,active,israeli
isr_233,Itay Ben Shabat,,Israel,Israel,Maccabi Netanya,Ligat Ha'al,CB,,,,71,48,35,41,44,89,78,active,israeli
isr_234,Denis Kulikov,,Israel,Israel,Maccabi Netanya,Ligat Ha'al,CB,,,,68,45,35,38,41,85,73,active,israeli
isr_235,Bakary Konaté,,Mali,Mali,Maccabi Netanya,Ligat Ha'al,LB,,,,70,65,38,52,47,63,52,active,israeli
isr_236,Amit Cohen,,Israel,Israel,Maccabi Netanya,Ligat Ha'al,RB,,,,70,66,35,44,48,64,53,active,israeli
isr_237,Karem Jaber,,Israel,Israel,Maccabi Netanya,Ligat Ha'al,CB,,,,68,47,35,40,43,78,75,active,israeli
isr_238,Saba Khvadagiani,,Georgia,Georgia,Maccabi Netanya,Ligat Ha'al,CB,,,,76,51,35,43,46,94,82,active,israeli
isr_239,Benny Feldman,,Israel,Israel,Maccabi Netanya,Ligat Ha'al,CB,,,,71,54,35,38,41,86,84,active,israeli
isr_240,Rotem Keller,,Israel,Israel,Maccabi Netanya,Ligat Ha'al,LB,,,,67,65,35,43,47,63,52,active,israeli
isr_241,Li On Mizrahi,,Israel,Israel,Maccabi Netanya,Ligat Ha'al,RB,,,,71,69,35,46,51,67,47,active,israeli
isr_242,Heriberto Tavares,,Cape Verde,Cape Verde,Maccabi Netanya,Ligat Ha'al,CB,,,,67,51,35,36,39,81,79,active,israeli
isr_243,Maxim Plakuschenko,,Israel,Israel,Maccabi Netanya,Ligat Ha'al,CDM,,,,67,49,35,56,45,74,70,active,israeli
isr_244,Yuval Sade,,Israel,Israel,Maccabi Netanya,Ligat Ha'al,CM,,,,69,57,43,66,56,47,53,active,israeli
isr_245,Oz Bilu,,Israel,Israel,Maccabi Netanya,Ligat Ha'al,CM,,,,70,59,45,68,57,49,54,active,israeli
isr_246,Liam Cohen,,Israel,Israel,Maccabi Netanya,Ligat Ha'al,CAM,,,,72,60,61,77,79,35,39,active,israeli
isr_247,Maor Levi,,Israel,Israel,Maccabi Netanya,Ligat Ha'al,LM,,,,70,75,57,64,72,35,48,active,israeli
isr_248,Bassam Zarora,,Israel,Israel,Maccabi Netanya,Ligat Ha'al,RM,,,,78,83,63,71,80,35,53,active,israeli
isr_249,Omri Shamir,,Israel,Israel,Maccabi Netanya,Ligat Ha'al,CDM,,,,72,49,37,67,45,76,72,active,israeli
isr_250,Saher Taji,,Israel,Israel,Maccabi Netanya,Ligat Ha'al,CM,,,,78,58,52,79,66,56,53,active,israeli
isr_251,Wylan Cyprien,,France,France,Maccabi Netanya,Ligat Ha'al,CM,,,,78,62,56,83,61,51,57,active,israeli
isr_252,Aziz Ouattara,,Côte d'Ivoire,Côte d'Ivoire,Maccabi Netanya,Ligat Ha'al,CAM,,,,66,48,58,73,74,35,38,active,israeli
isr_253,Gontie Diomandé,,Côte d'Ivoire,Côte d'Ivoire,Maccabi Netanya,Ligat Ha'al,LM,,,,71,78,59,66,75,35,50,active,israeli
isr_254,Wilson Harris,,United States,United States,Maccabi Netanya,Ligat Ha'al,ST,,,,83,81,95,49,79,35,84,active,israeli
isr_255,Loai Helf,,Israel,Israel,Maccabi Netanya,Ligat Ha'al,ST,,,,69,71,79,36,61,35,73,active,israeli
isr_256,Pedrinho,,Brazil,Brazil,Maccabi Netanya,Ligat Ha'al,LW,,,,77,93,65,56,90,35,49,active,israeli
isr_257,Aleksei Talpa,,Israel,Israel,Maccabi Netanya,Ligat Ha'al,RW,,,,68,76,60,52,82,35,38,active,israeli
isr_258,Daniel Atlan,,Israel,Israel,Maccabi Netanya,Ligat Ha'al,ST,,,,78,75,94,45,73,35,78,active,israeli
isr_259,Matheus Davó,,Brazil,Brazil,Maccabi Netanya,Ligat Ha'al,ST,,,,80,84,94,44,73,35,78,active,israeli
isr_260,Matan Zalmanović,,Israel,Israel,Ironi Kiryat Shmona,Ligat Ha'al,GK,,,,79,43,35,54,40,35,60,active,israeli
isr_261,Daniel Tenenbaum,,Brazil,Brazil,Ironi Kiryat Shmona,Ligat Ha'al,GK,,,,73,36,35,46,42,35,52,active,israeli
isr_262,Roy Shedo,,Israel,Israel,Ironi Kiryat Shmona,Ligat Ha'al,GK,,,,74,41,35,51,38,35,57,active,israeli
isr_263,Amit Glazer,,Israel,Israel,Ironi Kiryat Shmona,Ligat Ha'al,CB,,,,75,50,35,43,46,93,81,active,israeli
isr_264,Ofir Benbenisti,,Israel,Israel,Ironi Kiryat Shmona,Ligat Ha'al,CB,,,,66,45,35,38,41,83,72,active,israeli
isr_265,Harel Goldenberg,,Israel,Israel,Ironi Kiryat Shmona,Ligat Ha'al,CB,,,,75,50,35,43,46,93,81,active,israeli
isr_266,Itzik Shoolmayster,,Israel,Israel,Ironi Kiryat Shmona,Ligat Ha'al,LB,,,,67,63,36,50,45,61,50,active,israeli
isr_267,Ovadia Darwish,,Israel,Israel,Ironi Kiryat Shmona,Ligat Ha'al,RB,,,,68,61,35,47,52,59,48,active,israeli
isr_268,Nemanja Ljubisavljević,,Serbia,Serbia,Ironi Kiryat Shmona,Ligat Ha'al,CB,,,,70,47,35,41,44,88,76,active,israeli
isr_269,Ido Vaier,,Israel,Israel,Ironi Kiryat Shmona,Ligat Ha'al,CB,,,,71,50,35,43,37,82,80,active,israeli
isr_270,Shay Ben David,,Israel,Israel,Ironi Kiryat Shmona,Ligat Ha'al,CB,,,,68,49,35,42,36,80,77,active,israeli
isr_271,Liel Deri,,Israel,Israel,Ironi Kiryat Shmona,Ligat Ha'al,LB,,,,59,52,35,41,45,50,41,active,israeli
isr_272,Bilal Shahin,,Israel,Israel,Ironi Kiryat Shmona,Ligat Ha'al,RB,,,,70,61,35,48,52,68,48,active,israeli
isr_273,Fernando Pacheco,,Peru,Peru,Ironi Kiryat Shmona,Ligat Ha'al,CDM,,,,74,54,35,63,49,81,77,active,israeli
isr_274,Mor Siman Tov,,Israel,Israel,Ironi Kiryat Shmona,Ligat Ha'al,CM,,,,71,55,49,73,62,44,50,active,israeli
isr_275,Ariel Sheratzky,,Israel,Israel,Ironi Kiryat Shmona,Ligat Ha'al,CM,,,,78,65,50,77,64,54,60,active,israeli
isr_276,Aviv Avraham,,Israel,Israel,Ironi Kiryat Shmona,Ligat Ha'al,CAM,,,,76,61,63,80,81,35,49,active,israeli
isr_277,Wale Musa Alli,,Nigeria,Nigeria,Ironi Kiryat Shmona,Ligat Ha'al,LM,,,,76,86,57,65,83,35,48,active,israeli
isr_278,Yoav Karadi,,Israel,Israel,Ironi Kiryat Shmona,Ligat Ha'al,RM,,,,64,72,47,53,69,35,48,active,israeli
isr_279,Cristian Martínez,,Panama,Panama,Ironi Kiryat Shmona,Ligat Ha'al,CDM,,,,75,56,35,65,51,84,79,active,israeli
isr_280,Yaw Ackah,,Ghana,Ghana,Ironi Kiryat Shmona,Ligat Ha'al,CM,,,,72,58,52,76,56,47,53,active,israeli
isr_281,Christian Bella,,Cameroon,Cameroon,Ironi Kiryat Shmona,Ligat Ha'al,CM,,,,78,60,54,81,68,49,55,active,israeli
isr_282,Yair Mordechai,,Israel,Israel,Ironi Kiryat Shmona,Ligat Ha'al,ST,,,,75,79,88,42,69,35,73,active,israeli
isr_283,Adrián Ugarriza,,Peru,Peru,Ironi Kiryat Shmona,Ligat Ha'al,ST,,,,77,75,93,46,73,35,78,active,israeli
isr_284,Joan Halabi,,Israel,Israel,Ironi Kiryat Shmona,Ligat Ha'al,LW,,,,74,89,63,54,86,35,47,active,israeli
isr_285,Ori Shnaper,,Israel,Israel,Ironi Kiryat Shmona,Ligat Ha'al,RW,,,,81,95,76,66,93,35,50,active,israeli
isr_286,Yehonathan Malka,,Israel,Israel,Ironi Kiryat Shmona,Ligat Ha'al,ST,,,,73,74,92,46,64,35,76,active,israeli
isr_287,Lior Gliklich,,Israel,Israel,Maccabi Bnei Raina,Ligat Ha'al,GK,,,,67,35,35,43,39,35,47,active,israeli
isr_288,Guy Herman,,Israel,Israel,Maccabi Bnei Raina,Ligat Ha'al,GK,,,,68,37,35,47,35,35,52,active,israeli
isr_289,Mor Barami,,Israel,Israel,Maccabi Bnei Raina,Ligat Ha'al,CB,,,,74,49,35,42,45,92,80,active,israeli
isr_290,Eyad Abu Abaid,,Israel,Israel,Maccabi Bnei Raina,Ligat Ha'al,CB,,,,69,50,35,43,37,81,78,active,israeli
isr_291,Ayid Habshi,,Israel,Israel,Maccabi Bnei Raina,Ligat Ha'al,CB,,,,74,49,35,42,45,92,80,active,israeli
isr_292,Abdallah Jaber,,PLE,PLE,Maccabi Bnei Raina,Ligat Ha'al,LB,,,,69,63,36,50,45,61,51,active,israeli
isr_293,Ahmed Taha,,Israel,Israel,Maccabi Bnei Raina,Ligat Ha'al,RB,,,,69,65,35,43,47,63,53,active,israeli
isr_294,Eyad Hutba,,Israel,Israel,Maccabi Bnei Raina,Ligat Ha'al,CB,,,,65,47,35,41,35,76,74,active,israeli
isr_295,Junior Pius,,Nigeria,Nigeria,Maccabi Bnei Raina,Ligat Ha'al,CB,,,,66,52,35,36,39,81,70,active,israeli
isr_296,Mahmoud Jabarin,,Israel,Israel,Maccabi Bnei Raina,Ligat Ha'al,CB,,,,64,44,35,38,41,73,71,active,israeli
isr_297,Miladin Stevanović,,Serbia,Serbia,Maccabi Bnei Raina,Ligat Ha'al,LB,,,,71,64,36,50,46,62,51,active,israeli
isr_298,Nevo Shedo,,Israel,Israel,Maccabi Bnei Raina,Ligat Ha'al,RB,,,,59,52,35,41,45,50,41,active,israeli
isr_299,Ihab Ganayem,,Israel,Israel,Maccabi Bnei Raina,Ligat Ha'al,CDM,,,,68,50,35,57,45,75,71,active,israeli
isr_300,Ilay Elmkies,,Israel,Israel,Maccabi Bnei Raina,Ligat Ha'al,CM,,,,71,54,48,72,61,52,49,active,israeli
isr_301,Emmanuel Banda,,Zambia,Zambia,Maccabi Bnei Raina,Ligat Ha'al,CM,,,,79,62,56,83,61,51,57,active,israeli
isr_302,Eyad Khalaily,,Israel,Israel,Maccabi Bnei Raina,Ligat Ha'al,CAM,,,,68,50,60,75,76,35,39,active,israeli
isr_303,Christ Tiéhi,,Côte d'Ivoire,Côte d'Ivoire,Maccabi Bnei Raina,Ligat Ha'al,LM,,,,72,74,55,62,80,35,46,active,israeli
isr_304,Ali Ibrahim,,Israel,Israel,Maccabi Bnei Raina,Ligat Ha'al,RM,,,,75,79,60,67,85,35,50,active,israeli
isr_305,Antonio Sefer,,ROU,ROU,Maccabi Bnei Raina,Ligat Ha'al,ST,,,,81,80,95,49,69,35,83,active,israeli
isr_306,Zé Turbo,,Guinea-Bissau,Guinea-Bissau,Maccabi Bnei Raina,Ligat Ha'al,ST,,,,81,77,95,46,75,35,80,active,israeli
isr_307,Virgile Pinson,,France,France,Maccabi Bnei Raina,Ligat Ha'al,LW,,,,73,88,62,53,85,35,47,active,israeli
isr_308,Mohammed Shaker,,Israel,Israel,Maccabi Bnei Raina,Ligat Ha'al,RW,,,,76,94,66,57,91,35,42,active,israeli
isr_309,Asil Kna'ani,,Israel,Israel,Maccabi Bnei Raina,Ligat Ha'al,ST,,,,69,70,87,44,60,35,72,active,israeli
isr_310,Vitalie Damașcan,,Moldova,Moldova,Maccabi Bnei Raina,Ligat Ha'al,ST,,,,79,76,95,46,74,35,79,active,israeli
isr_311,Idan Goren,,Israel,Israel,Maccabi Bnei Raina,Ligat Ha'al,LW,,,,70,82,65,57,79,35,42,active,israeli
isr_312,Rogério Santos,,Portugal,Portugal,Ironi Tiberias,Ligat Ha'al,GK,,,,82,46,35,57,43,35,64,active,israeli
isr_313,Ido Sharon,,Israel,Israel,Ironi Tiberias,Ligat Ha'al,GK,,,,64,39,35,40,36,35,44,active,israeli
isr_314,Jones Abu Ganima,,Israel,Israel,Ironi Tiberias,Ligat Ha'al,GK,,,,73,42,35,43,39,35,58,active,israeli
isr_315,Omer Itzhak,,Israel,Israel,Ironi Tiberias,Ligat Ha'al,CB,,,,76,58,35,41,44,92,89,active,israeli
isr_316,Sambinha,,Guinea-Bissau,Guinea-Bissau,Ironi Tiberias,Ligat Ha'al,CB,,,,74,57,35,41,44,91,79,active,israeli
isr_317,Eli Balilty,,Israel,Israel,Ironi Tiberias,Ligat Ha'al,CB,,,,73,49,35,41,44,91,79,active,israeli
isr_318,Ron Unger,,Israel,Israel,Ironi Tiberias,Ligat Ha'al,LB,,,,66,65,35,43,47,63,44,active,israeli
isr_319,Yehonatan Hasson,,Israel,Israel,Ironi Tiberias,Ligat Ha'al,RB,,,,64,61,35,40,44,59,49,active,israeli
isr_320,Ondřej Bačo,,Czech Republic,Czech Republic,Ironi Tiberias,Ligat Ha'al,CB,,,,75,52,35,45,48,86,83,active,israeli
isr_321,Daniel Joulani,,Ukraine,Ukraine,Ironi Tiberias,Ligat Ha'al,CB,,,,66,52,35,36,39,81,70,active,israeli
isr_322,Nehoray Chen,,Israel,Israel,Ironi Tiberias,Ligat Ha'al,CB,,,,70,52,35,37,40,84,81,active,israeli
isr_323,Haroun Shapso,,Israel,Israel,Ironi Tiberias,Ligat Ha'al,LB,,,,72,69,35,46,50,67,56,active,israeli
isr_324,David Keltjens,,Israel,Israel,Ironi Tiberias,Ligat Ha'al,CDM,,,,73,55,35,64,51,82,69,active,israeli
isr_325,Yonatan Teper,,Israel,Israel,Ironi Tiberias,Ligat Ha'al,CM,,,,71,55,49,73,62,44,50,active,israeli
isr_326,Firas Abu Akel,,Israel,Israel,Ironi Tiberias,Ligat Ha'al,CM,,,,71,53,47,71,60,51,48,active,israeli
isr_327,Guy Hadida,,Israel,Israel,Ironi Tiberias,Ligat Ha'al,CAM,,,,72,57,67,83,76,35,45,active,israeli
isr_328,Eithan Velblum,,Israel,Israel,Ironi Tiberias,Ligat Ha'al,LM,,,,75,81,62,69,78,35,52,active,israeli
isr_329,Muhammed Usman,,Nigeria,Nigeria,Ironi Tiberias,Ligat Ha'al,RM,,,,77,81,61,69,87,35,51,active,israeli
isr_330,Niv Gotlieb,,Israel,Israel,Ironi Tiberias,Ligat Ha'al,CDM,,,,71,50,37,67,45,76,72,active,israeli
isr_331,Yarin Swisa,,Israel,Israel,Ironi Tiberias,Ligat Ha'al,CM,,,,68,58,44,67,57,48,45,active,israeli
isr_332,Matan Dgani,,Israel,Israel,Ironi Tiberias,Ligat Ha'al,CM,,,,65,52,47,69,50,42,48,active,israeli
isr_333,Waheb Habiballah,,Israel,Israel,Ironi Tiberias,Ligat Ha'al,ST,,,,75,76,94,48,66,35,79,active,israeli
isr_334,Idan Baranes,,Israel,Israel,Ironi Tiberias,Ligat Ha'al,ST,,,,67,65,81,40,64,35,67,active,israeli
isr_335,Itamar Shviro,,Israel,Israel,Ironi Tiberias,Ligat Ha'al,LW,,,,70,86,60,52,83,35,46,active,israeli
isr_336,Agam Yehuda,,Israel,Israel,Ironi Tiberias,Ligat Ha'al,RW,,,,74,90,64,55,87,35,48,active,israeli
isr_337,Peter Michael,,Nigeria,Nigeria,Ironi Tiberias,Ligat Ha'al,ST,,,,72,73,90,46,63,35,75,active,israeli
isr_338,Mansour Badjie,,Gambia,Gambia,Ironi Tiberias,Ligat Ha'al,ST,,,,71,75,83,39,65,35,68,active,israeli
isr_339,Omer Katz,,Israel,Israel,Hapoel Petah Tikva,Ligat Ha'al,GK,,,,74,45,35,46,42,35,52,active,israeli
isr_340,Amit Mashiah,,Israel,Israel,Hapoel Petah Tikva,Ligat Ha'al,GK,,,,69,37,35,47,35,35,52,active,israeli
isr_341,Shahar Amsalem,,Israel,Israel,Hapoel Petah Tikva,Ligat Ha'al,GK,,,,69,41,35,42,38,35,56,active,israeli
isr_342,Noam Cohen,,Israel,Israel,Hapoel Petah Tikva,Ligat Ha'al,CB,,,,71,53,35,37,40,85,83,active,israeli
isr_343,Roy Ben Navi,,Israel,Israel,Hapoel Petah Tikva,Ligat Ha'al,CB,,,,72,54,35,38,41,86,84,active,israeli
isr_344,Matan Goshe,,Israel,Israel,Hapoel Petah Tikva,Ligat Ha'al,CB,,,,74,50,35,43,46,93,81,active,israeli
isr_345,Alex Moucketou-Moussounda,,Gabon,Gabon,Hapoel Petah Tikva,Ligat Ha'al,LB,,,,70,63,36,50,45,61,50,active,israeli
isr_346,Idan Cohen,,Israel,Israel,Hapoel Petah Tikva,Ligat Ha'al,RB,,,,73,69,35,46,50,67,56,active,israeli
isr_347,Dror Nir,,Israel,Israel,Hapoel Petah Tikva,Ligat Ha'al,CB,,,,63,48,35,35,37,77,75,active,israeli
isr_348,Orel Dgani,,Israel,Israel,Hapoel Petah Tikva,Ligat Ha'al,CB,,,,68,48,35,41,35,79,76,active,israeli
isr_349,Ya'ar Zambarewski,,Israel,Israel,Hapoel Petah Tikva,Ligat Ha'al,CB,,,,68,53,35,37,40,84,72,active,israeli
isr_350,Shahar Rosen,,Israel,Israel,Hapoel Petah Tikva,Ligat Ha'al,LB,,,,64,61,35,40,44,59,49,active,israeli
isr_351,Itay Rotman,,Israel,Israel,Hapoel Petah Tikva,Ligat Ha'al,RB,,,,65,62,35,40,45,60,50,active,israeli
isr_352,Yehonatan Hasson,,Israel,Israel,Hapoel Petah Tikva,Ligat Ha'al,CB,,,,71,47,35,40,43,88,77,active,israeli
isr_353,Tomer Altman,,Israel,Israel,Hapoel Petah Tikva,Ligat Ha'al,CDM,,,,74,54,35,63,49,81,77,active,israeli
isr_354,Yonatan Cohen,,Israel,Israel,Hapoel Petah Tikva,Ligat Ha'al,CM,,,,78,59,53,80,67,57,54,active,israeli
isr_355,Ari Cohen,,Israel,Israel,Hapoel Petah Tikva,Ligat Ha'al,CM,,,,73,55,50,74,63,54,51,active,israeli
isr_356,Nadav Nidam,,Israel,Israel,Hapoel Petah Tikva,Ligat Ha'al,CAM,,,,63,48,57,71,64,35,38,active,israeli
isr_357,Roee David,,Israel,Israel,Hapoel Petah Tikva,Ligat Ha'al,LM,,,,71,75,56,63,81,35,47,active,israeli
isr_358,Chipyoka Songa,,Zambia,Zambia,Hapoel Petah Tikva,Ligat Ha'al,RM,,,,79,86,66,74,83,35,56,active,israeli
isr_359,Boni Amian,,Côte d'Ivoire,Côte d'Ivoire,Hapoel Petah Tikva,Ligat Ha'al,CDM,,,,68,52,35,59,47,77,64,active,israeli
isr_360,Shavit Mazal,,Israel,Israel,Hapoel Petah Tikva,Ligat Ha'al,ST,,,,76,76,94,47,65,35,79,active,israeli
isr_361,Márk Koszta,,Hungary,Hungary,Hapoel Petah Tikva,Ligat Ha'al,ST,,,,82,86,95,46,75,35,80,active,israeli
isr_362,Orel Baye,,Israel,Israel,Hapoel Petah Tikva,Ligat Ha'al,LW,,,,75,87,69,60,93,35,44,active,israeli
isr_363,Mamady Diarra,,Mali,Mali,Hapoel Petah Tikva,Ligat Ha'al,RW,,,,81,95,77,67,94,35,51,active,israeli
isr_364,Clé,,Cape Verde,Cape Verde,Hapoel Petah Tikva,Ligat Ha'al,ST,,,,71,73,81,37,63,35,75,active,israeli
isr_365,Raz Karmi,,Israel,Israel,F.C. Ashdod,Ligat Ha'al,GK,,,,77,43,35,54,40,35,60,active,israeli
isr_366,Karol Niemczycki,,Poland,Poland,F.C. Ashdod,Ligat Ha'al,GK,,,,71,41,35,42,38,35,56,active,israeli
isr_367,Avishay Cohen,,Israel,Israel,F.C. Ashdod,Ligat Ha'al,CB,,,,78,52,35,44,47,95,84,active,israeli
isr_368,Ibrahim Diakité,,Côte d'Ivoire,Côte d'Ivoire,F.C. Ashdod,Ligat Ha'al,CB,,,,78,57,35,49,43,93,89,active,israeli
isr_369,Timothy Awany,,UGA,UGA,F.C. Ashdod,Ligat Ha'al,CB,,,,73,55,35,38,41,88,85,active,israeli
isr_370,Tom Ben Zaken,,Israel,Israel,F.C. Ashdod,Ligat Ha'al,LB,,,,73,69,35,46,50,67,56,active,israeli
isr_371,Maor Yashilirmak,,Israel,Israel,F.C. Ashdod,Ligat Ha'al,RB,,,,66,59,35,46,50,57,47,active,israeli
isr_372,Asaf Arania,,Israel,Israel,F.C. Ashdod,Ligat Ha'al,CB,,,,70,54,35,39,42,86,74,active,israeli
isr_373,Reem Tal,,Israel,Israel,F.C. Ashdod,Ligat Ha'al,CB,,,,68,47,35,40,43,78,75,active,israeli
isr_374,Raz Meir,,Israel,Israel,F.C. Ashdod,Ligat Ha'al,CB,,,,63,45,35,40,35,74,72,active,israeli
isr_375,Arial Mendy,,Senegal,Senegal,F.C. Ashdod,Ligat Ha'al,LB,,,,70,65,38,52,47,63,52,active,israeli
isr_376,Victor Ochayi,,Nigeria,Nigeria,F.C. Ashdod,Ligat Ha'al,CDM,,,,72,54,35,63,50,81,68,active,israeli
isr_377,Roei Gordana,,Israel,Israel,F.C. Ashdod,Ligat Ha'al,CM,,,,75,60,54,80,58,49,55,active,israeli
isr_378,Shalev Harush,,Israel,Israel,F.C. Ashdod,Ligat Ha'al,CM,,,,67,55,50,72,53,45,50,active,israeli
isr_379,Ilay Tamam,,Israel,Israel,F.C. Ashdod,Ligat Ha'al,CAM,,,,73,54,64,80,82,35,42,active,israeli
isr_380,Noam Muche,,Israel,Israel,F.C. Ashdod,Ligat Ha'al,LM,,,,68,74,57,64,71,35,48,active,israeli
isr_381,Amitay Yamin,,Israel,Israel,F.C. Ashdod,Ligat Ha'al,RM,,,,67,71,54,61,68,35,46,active,israeli
isr_382,Karim Kimvuidi,,DR Congo,DR Congo,F.C. Ashdod,Ligat Ha'al,CDM,,,,71,49,36,66,44,75,71,active,israeli
isr_383,Ilay Hagag,,Israel,Israel,F.C. Ashdod,Ligat Ha'al,CM,,,,71,60,45,69,58,49,55,active,israeli
isr_384,Hayford Boahen,,Ghana,Ghana,F.C. Ashdod,Ligat Ha'al,CM,,,,66,55,41,63,53,45,51,active,israeli
isr_385,Mohammed Amer,,Israel,Israel,F.C. Ashdod,Ligat Ha'al,CAM,,,,74,62,63,79,81,35,40,active,israeli
isr_386,Nehoray Dabush,,Israel,Israel,F.C. Ashdod,Ligat Ha'al,ST,,,,82,84,94,44,73,35,87,active,israeli
isr_387,Eylon Almog,,Israel,Israel,F.C. Ashdod,Ligat Ha'al,ST,,,,76,79,88,41,68,35,82,active,israeli
isr_388,Eugene Ansah,,Ghana,Ghana,F.C. Ashdod,Ligat Ha'al,LW,,,,79,95,69,60,94,35,43,active,israeli
isr_389,Elia Gethon,,Israel,Israel,F.C. Ashdod,Ligat Ha'al,RW,,,,68,82,57,49,79,35,44,active,israeli
isr_390,Ori Azo,,Israel,Israel,F.C. Ashdod,Ligat Ha'al,ST,,,,76,75,93,46,64,35,78,active,israeli
isr_391,Mesirh Abu Bilal,,Israel,Israel,F.C. Ashdod,Ligat Ha'al,ST,,,,70,69,86,43,59,35,71,active,israeli
isr_392,Ben Levy,,Israel,Israel,F.C. Ashdod,Ligat Ha'al,LW,,,,75,93,66,57,90,35,41,active,israeli
isr_393,Ori Malka,,Israel,Israel,F.C. Ashdod,Ligat Ha'al,RW,,,,73,88,62,53,85,35,47,active,israeli
isr_394,Dor Hebron,,Israel,Israel,Hapoel Ra'anana,Liga Leumit,GK,,,,68,35,35,45,41,35,50,active,israeli
isr_395,Gil Barda,,Israel,Israel,Hapoel Ra'anana,Liga Leumit,GK,,,,65,39,35,39,36,35,53,active,israeli
isr_396,Nir Ohayon,,Israel,Israel,Hapoel Ra'anana,Liga Leumit,GK,,,,69,35,35,45,41,35,50,active,israeli
isr_397,Adir Córdoba,,Israel,Israel,Hapoel Ra'anana,Liga Leumit,CB,,,,66,51,35,35,38,80,78,active,israeli
isr_398,Tarek Boshanek,,Israel,Israel,Hapoel Ra'anana,Liga Leumit,CB,,,,64,47,35,41,35,76,74,active,israeli
isr_399,Aviv Lin,,Israel,Israel,Hapoel Ra'anana,Liga Leumit,CB,,,,64,49,35,35,37,78,76,active,israeli
isr_400,Itamar Gueta,,Israel,Israel,Hapoel Ra'anana,Liga Leumit,LB,,,,66,62,36,49,44,60,50,active,israeli
isr_401,Harel Lichtenstein,,Israel,Israel,Hapoel Ra'anana,Liga Leumit,RB,,,,64,56,35,44,48,63,44,active,israeli
isr_402,Ron Gabay,,Israel,Israel,Hapoel Ra'anana,Liga Leumit,CB,,,,69,52,35,36,39,83,80,active,israeli
isr_403,Noam Agmon,,Israel,Israel,Hapoel Ra'anana,Liga Leumit,CB,,,,64,45,35,39,35,74,72,active,israeli
isr_404,Hamed Sawadogo,,Côte d'Ivoire,Côte d'Ivoire,Hapoel Ra'anana,Liga Leumit,CB,,,,71,51,35,44,38,83,81,active,israeli
isr_405,Gal Kolani,,Israel,Israel,Hapoel Ra'anana,Liga Leumit,CDM,,,,67,44,35,60,49,78,65,active,israeli
isr_406,Yuvel Titelman,,Israel,Israel,Hapoel Ra'anana,Liga Leumit,CM,,,,67,52,47,69,59,42,47,active,israeli
isr_407,Snir Shoker,,Israel,Israel,Hapoel Ra'anana,Liga Leumit,CM,,,,64,52,48,69,50,43,48,active,israeli
isr_408,Awajo Asefa,,Israel,Israel,Hapoel Ra'anana,Liga Leumit,CAM,,,,70,51,61,76,78,35,39,active,israeli
isr_409,Ihab Abu Alsheikh,,Israel,Israel,Hapoel Ra'anana,Liga Leumit,LM,,,,69,77,50,57,74,35,50,active,israeli
isr_410,Roee Satularo,,Israel,Israel,Hapoel Ra'anana,Liga Leumit,RM,,,,63,66,50,56,72,35,42,active,israeli
isr_411,Lee-Yam Dan,,Israel,Israel,Hapoel Ra'anana,Liga Leumit,CDM,,,,63,40,35,56,45,72,60,active,israeli
isr_412,Saidu Fofanah,,SLE,SLE,Hapoel Ra'anana,Liga Leumit,CM,,,,72,58,52,76,56,47,53,active,israeli
isr_413,Dor Kochav,,Israel,Israel,Hapoel Ra'anana,Liga Leumit,CM,,,,70,56,51,74,54,46,51,active,israeli
isr_414,Tom Berkovic,,Israel,Israel,Hapoel Ra'anana,Liga Leumit,CAM,,,,63,50,59,73,66,35,40,active,israeli
isr_415,Michael Maman,,Israel,Israel,Hapoel Ra'anana,Liga Leumit,ST,,,,67,66,82,41,56,35,68,active,israeli
isr_416,Omer Senior,,Israel,Israel,Hapoel Ra'anana,Liga Leumit,ST,,,,73,69,87,41,68,35,71,active,israeli
isr_417,Isaac Oppong,,Ghana,Ghana,Hapoel Ra'anana,Liga Leumit,LW,,,,76,90,71,62,87,35,47,active,israeli
isr_418,Omer Dahan,,Israel,Israel,Hapoel Ra'anana,Liga Leumit,RW,,,,66,78,62,54,75,35,41,active,israeli
isr_419,Wonderson Yakubu,,Nigeria,Nigeria,Hapoel Ra'anana,Liga Leumit,ST,,,,65,69,76,36,60,35,62,active,israeli
isr_420,Shon Ben Nesher,,Israel,Israel,Maccabi Herzliya,Liga Leumit,GK,,,,66,35,35,42,38,35,47,active,israeli
isr_421,Tal Bomshtein,,Israel,Israel,Maccabi Herzliya,Liga Leumit,GK,,,,67,35,35,44,40,35,48,active,israeli
isr_422,Roei Herman,,Israel,Israel,Maccabi Herzliya,Liga Leumit,CB,,,,68,48,35,41,35,79,76,active,israeli
isr_423,Alon Ginat,,Israel,Israel,Maccabi Herzliya,Liga Leumit,CB,,,,73,49,35,41,44,91,79,active,israeli
isr_424,Ali Kayal,,Israel,Israel,Maccabi Herzliya,Liga Leumit,CB,,,,67,48,35,42,36,78,76,active,israeli
isr_425,Karem Badran,,Israel,Israel,Maccabi Herzliya,Liga Leumit,LB,,,,59,56,35,36,40,54,45,active,israeli
isr_426,Rom Elias,,Israel,Israel,Maccabi Herzliya,Liga Leumit,RB,,,,59,53,35,42,37,51,42,active,israeli
isr_427,Ori Ziv,,Israel,Israel,Maccabi Herzliya,Liga Leumit,CB,,,,61,40,35,35,37,76,65,active,israeli
isr_428,Ziv Leigh,,Israel,Israel,Maccabi Herzliya,Liga Leumit,CB,,,,69,51,35,44,38,82,79,active,israeli
isr_429,Ran Vaturi,,Israel,Israel,Maccabi Herzliya,Liga Leumit,CB,,,,61,43,35,37,35,70,68,active,israeli
isr_430,Ori Tza'adon,,Israel,Israel,Maccabi Herzliya,Liga Leumit,LB,,,,59,52,35,41,45,50,41,active,israeli
isr_431,Shay Ayzen,,Israel,Israel,Maccabi Herzliya,Liga Leumit,CDM,,,,61,41,35,56,45,63,60,active,israeli
isr_432,Eylon Yerushalmi,,Israel,Israel,Maccabi Herzliya,Liga Leumit,CM,,,,69,58,44,67,57,48,54,active,israeli
isr_433,Tom Alen Tolić,,Croatia,Croatia,Maccabi Herzliya,Liga Leumit,CM,,,,66,50,45,67,57,49,46,active,israeli
isr_434,Ofek Ovadia,,Israel,Israel,Maccabi Herzliya,Liga Leumit,CAM,,,,71,53,63,79,81,35,42,active,israeli
isr_435,Paz Shifman,,Israel,Israel,Maccabi Herzliya,Liga Leumit,LM,,,,71,74,55,62,80,35,46,active,israeli
isr_436,Amit Yeverbaum,,Israel,Israel,Maccabi Herzliya,Liga Leumit,RM,,,,61,64,49,55,70,35,40,active,israeli
isr_437,Ofek Mishan,,Israel,Israel,Maccabi Herzliya,Liga Leumit,CDM,,,,63,45,35,61,41,68,65,active,israeli
isr_438,Tal Naim,,Israel,Israel,Maccabi Herzliya,Liga Leumit,CM,,,,71,57,51,75,55,46,52,active,israeli
isr_439,Maor Silvas,,Israel,Israel,Maccabi Herzliya,Liga Leumit,CM,,,,66,56,42,64,54,46,52,active,israeli
isr_440,Amit Ben Kish,,Israel,Israel,Maccabi Herzliya,Liga Leumit,CAM,,,,69,55,65,80,73,35,43,active,israeli
isr_441,Or Inbrum,,Israel,Israel,Maccabi Herzliya,Liga Leumit,ST,,,,67,71,78,37,61,35,64,active,israeli
isr_442,Ansony Frías,,Panama,Panama,Maccabi Herzliya,Liga Leumit,ST,,,,67,63,79,38,62,35,65,active,israeli
isr_443,Ohad Barzilay,,Israel,Israel,Maccabi Herzliya,Liga Leumit,LW,,,,71,82,65,56,88,35,42,active,israeli
isr_444,Wilinton Aponzá,,Colombia,Colombia,Maccabi Herzliya,Liga Leumit,RW,,,,72,87,61,52,84,35,46,active,israeli
isr_445,Razi Abu Hamdan,,Israel,Israel,Hapoel Kfar Saba,Liga Leumit,GK,,,,68,35,35,45,41,35,50,active,israeli
isr_446,Yanir Nimni,,Israel,Israel,Hapoel Kfar Saba,Liga Leumit,GK,,,,70,40,35,50,37,35,55,active,israeli
isr_447,Getachew Yabelo,,Israel,Israel,Hapoel Kfar Saba,Liga Leumit,CB,,,,68,49,35,42,36,80,77,active,israeli
isr_448,Eliran Zadok,,Israel,Israel,Hapoel Kfar Saba,Liga Leumit,CB,,,,66,45,35,38,41,83,72,active,israeli
isr_449,Noam Cohen,,Israel,Israel,Hapoel Kfar Saba,Liga Leumit,CB,,,,64,46,35,40,35,75,73,active,israeli
isr_450,Alon Demol,,Israel,Israel,Hapoel Kfar Saba,Liga Leumit,LB,,,,66,64,35,42,46,62,52,active,israeli
isr_451,Konadu Yiadom,,Ghana,Ghana,Hapoel Kfar Saba,Liga Leumit,RB,,,,67,66,35,44,48,64,44,active,israeli
isr_452,Tomer Arbel,,Israel,Israel,Hapoel Kfar Saba,Liga Leumit,CB,,,,62,47,35,35,35,74,72,active,israeli
isr_453,Guy Shelach,,Israel,Israel,Hapoel Kfar Saba,Liga Leumit,CB,,,,63,45,35,40,35,74,72,active,israeli
isr_454,Gitay Sofir,,Israel,Israel,Hapoel Kfar Saba,Liga Leumit,CDM,,,,65,48,35,55,43,72,68,active,israeli
isr_455,Itay Ehud,,Israel,Israel,Hapoel Kfar Saba,Liga Leumit,CM,,,,57,50,37,56,48,41,37,active,israeli
isr_456,Adi Tzur,,Israel,Israel,Hapoel Kfar Saba,Liga Leumit,CM,,,,60,45,41,61,52,45,41,active,israeli
isr_457,Roy Harel,,Israel,Israel,Hapoel Kfar Saba,Liga Leumit,CAM,,,,63,50,59,73,66,35,40,active,israeli
isr_458,Hamza Shibli,,Israel,Israel,Hapoel Kfar Saba,Liga Leumit,LM,,,,60,66,51,57,63,35,43,active,israeli
isr_459,Liad Shmueli,,Israel,Israel,Hapoel Kfar Saba,Liga Leumit,RM,,,,71,73,54,61,79,35,45,active,israeli
isr_460,Ofek Peretz,,Israel,Israel,Hapoel Kfar Saba,Liga Leumit,CDM,,,,63,42,35,58,47,65,62,active,israeli
isr_461,Itay Shavit,,Israel,Israel,Hapoel Kfar Saba,Liga Leumit,CM,,,,62,48,43,64,55,38,44,active,israeli
isr_462,Gilbert Bandama,,Côte d'Ivoire,Côte d'Ivoire,Hapoel Kfar Saba,Liga Leumit,CM,,,,70,52,47,70,59,51,47,active,israeli
isr_463,Amit Arazi,,Israel,Israel,Hapoel Kfar Saba,Liga Leumit,CAM,,,,57,41,50,63,65,35,35,active,israeli
isr_464,Dan Kaduri,,Israel,Israel,Hapoel Kfar Saba,Liga Leumit,LM,,,,60,62,47,53,68,35,39,active,israeli
isr_465,Almog Elshtein,,Israel,Israel,Hapoel Kfar Saba,Liga Leumit,RM,,,,61,68,44,50,65,35,44,active,israeli
isr_466,Yoav Koren,,Israel,Israel,Hapoel Kfar Saba,Liga Leumit,ST,,,,72,68,85,41,67,35,70,active,israeli
isr_467,Julio César,,Brazil,Brazil,Hapoel Kfar Saba,Liga Leumit,ST,,,,74,73,91,45,63,35,75,active,israeli
isr_468,Niv Tubul,,Israel,Israel,Hapoel Kfar Saba,Liga Leumit,LW,,,,70,85,59,51,82,35,45,active,israeli
isr_469,Lion Caro,,Israel,Israel,Hapoel Kfar Saba,Liga Leumit,RW,,,,70,80,63,55,86,35,40,active,israeli
isr_470,Roy Buganim,,Israel,Israel,Hapoel Kfar Saba,Liga Leumit,ST,,,,61,64,70,35,55,35,66,active,israeli
isr_471,Marco Wolff,,Argentina,Argentina,Maccabi Petah Tikva,Liga Leumit,GK,,,,67,38,35,48,35,35,52,active,israeli
isr_472,Maor Erlich,,Israel,Israel,Maccabi Petah Tikva,Liga Leumit,GK,,,,60,35,35,43,35,35,47,active,israeli
isr_473,Yanir Zeigerman,,Israel,Israel,Maccabi Petah Tikva,Liga Leumit,CB,,,,70,50,35,44,38,82,79,active,israeli
isr_474,Hadar Fuchs,,Israel,Israel,Maccabi Petah Tikva,Liga Leumit,CB,,,,61,41,35,35,38,77,66,active,israeli
isr_475,Aviv Salem,,Israel,Israel,Maccabi Petah Tikva,Liga Leumit,CB,,,,66,44,35,37,40,82,71,active,israeli
isr_476,Eitan Tibi,,Israel,Israel,Maccabi Petah Tikva,Liga Leumit,LB,,,,65,56,35,43,48,63,44,active,israeli
isr_477,Gal Maatouk,,Israel,Israel,Maccabi Petah Tikva,Liga Leumit,RB,,,,65,64,35,42,47,62,43,active,israeli
isr_478,Ben Vehava,,Israel,Israel,Maccabi Petah Tikva,Liga Leumit,CB,,,,59,46,35,35,35,73,62,active,israeli
isr_479,Guy Dezent,,Israel,Israel,Maccabi Petah Tikva,Liga Leumit,CB,,,,59,41,35,36,35,68,66,active,israeli
isr_480,Mohammed Hindy,,Israel,Israel,Maccabi Petah Tikva,Liga Leumit,CB,,,,54,42,35,35,35,66,64,active,israeli
isr_481,Nowaf Bazea,,Israel,Israel,Maccabi Petah Tikva,Liga Leumit,CDM,,,,67,49,35,56,45,74,70,active,israeli
isr_482,Niv Yehoshua,,Israel,Israel,Maccabi Petah Tikva,Liga Leumit,CM,,,,61,45,40,61,52,44,41,active,israeli
isr_483,Omer Shirazi,,Israel,Israel,Maccabi Petah Tikva,Liga Leumit,CM,,,,61,51,37,58,49,41,47,active,israeli
isr_484,Idan Vered,,Israel,Israel,Maccabi Petah Tikva,Liga Leumit,CAM,,,,67,48,58,73,74,35,37,active,israeli
isr_485,Ido Cohen,,Israel,Israel,Maccabi Petah Tikva,Liga Leumit,LM,,,,58,63,48,54,60,35,40,active,israeli
isr_486,Liran Hazan,,Israel,Israel,Maccabi Petah Tikva,Liga Leumit,RM,,,,56,63,41,46,60,35,42,active,israeli
isr_487,Eyal Inbrum,,Israel,Israel,Maccabi Petah Tikva,Liga Leumit,CDM,,,,62,45,35,52,41,68,65,active,israeli
isr_488,Samuel Owusu,,Ghana,Ghana,Maccabi Petah Tikva,Liga Leumit,ST,,,,69,69,86,43,59,35,71,active,israeli
isr_489,Ariel Lugassy,,Israel,Israel,Maccabi Petah Tikva,Liga Leumit,ST,,,,65,62,78,38,62,35,64,active,israeli
isr_490,Mohamed Khatib,,Israel,Israel,Maccabi Petah Tikva,Liga Leumit,LW,,,,70,83,66,58,80,35,43,active,israeli
isr_491,Franck Rivollier,,France,France,Maccabi Petah Tikva,Liga Leumit,RW,,,,63,70,56,48,76,35,35,active,israeli
isr_492,José Cortés,,Colombia,Colombia,Maccabi Petah Tikva,Liga Leumit,ST,,,,68,69,86,43,59,35,71,active,israeli
isr_493,Idan Dahan,,Israel,Israel,Maccabi Petah Tikva,Liga Leumit,ST,,,,68,68,85,42,58,35,70,active,israeli
isr_494,Yuval Kretzo,,Israel,Israel,Maccabi Petah Tikva,Liga Leumit,LW,,,,66,79,63,55,76,35,42,active,israeli
isr_495,Ofek Antman,,Israel,Israel,Hapoel Acre,Liga Leumit,GK,,,,63,35,35,42,39,35,46,active,israeli
isr_496,Omri Zuarets,,Israel,Israel,Hapoel Acre,Liga Leumit,GK,,,,65,35,35,44,35,35,49,active,israeli
isr_497,Ofer Weiss,,Israel,Israel,Hapoel Acre,Liga Leumit,GK,,,,63,35,35,40,37,35,44,active,israeli
isr_498,Jeffrey Nisembaum,,Israel,Israel,Hapoel Acre,Liga Leumit,CB,,,,70,46,35,40,43,87,75,active,israeli
isr_499,Liad Levi,,Israel,Israel,Hapoel Acre,Liga Leumit,CB,,,,62,41,35,35,38,77,66,active,israeli
isr_500,Kauan,,Brazil,Brazil,Hapoel Acre,Liga Leumit,CB,,,,64,46,35,40,35,75,73,active,israeli
isr_501,Aviv Kanarik,,Israel,Israel,Hapoel Acre,Liga Leumit,LB,,,,66,59,35,46,50,57,47,active,israeli
isr_502,Romi Cohen,,Israel,Israel,Hapoel Acre,Liga Leumit,RB,,,,56,49,35,38,42,56,38,active,israeli
isr_503,Reef Amsalem,,Israel,Israel,Hapoel Acre,Liga Leumit,CB,,,,65,48,35,42,36,77,75,active,israeli
isr_504,Salah Hussein,,Israel,Israel,Hapoel Acre,Liga Leumit,CB,,,,65,50,35,35,38,79,77,active,israeli
isr_505,Loai Taha,,Israel,Israel,Hapoel Acre,Liga Leumit,CB,,,,64,48,35,35,36,77,75,active,israeli
isr_506,Ashraf Rabah,,Israel,Israel,Hapoel Acre,Liga Leumit,LB,,,,61,58,35,37,42,56,47,active,israeli
isr_507,Yakov Ababa,,Israel,Israel,Hapoel Acre,Liga Leumit,RB,,,,57,52,35,42,37,50,42,active,israeli
isr_508,Rauf Jabarin,,Israel,Israel,Hapoel Acre,Liga Leumit,CDM,,,,57,39,35,53,35,60,57,active,israeli
isr_509,Junior Traore,,Côte d'Ivoire,Côte d'Ivoire,Hapoel Acre,Liga Leumit,CM,,,,60,48,44,64,46,39,44,active,israeli
isr_510,Ben Zaid,,Israel,Israel,Hapoel Acre,Liga Leumit,CM,,,,69,55,50,73,54,45,51,active,israeli
isr_511,Ohad Edri,,Israel,Israel,Hapoel Acre,Liga Leumit,CAM,,,,56,41,49,62,63,35,35,active,israeli
isr_512,Sali Pahima,,Israel,Israel,Hapoel Acre,Liga Leumit,LM,,,,59,64,49,55,61,35,41,active,israeli
isr_513,Seri Dadjet,,Côte d'Ivoire,Côte d'Ivoire,Hapoel Acre,Liga Leumit,RM,,,,57,64,40,46,61,35,42,active,israeli
isr_514,Roei Shukrani,,Israel,Israel,Hapoel Acre,Liga Leumit,CDM,,,,65,43,35,59,47,76,63,active,israeli
isr_515,Saar Schwartz,,Israel,Israel,Hapoel Acre,Liga Leumit,CM,,,,57,46,42,61,44,37,42,active,israeli
isr_516,Ellis Spikner,,United States,United States,Hapoel Acre,Liga Leumit,ST,,,,72,73,90,46,63,35,75,active,israeli
isr_517,Osama Khalaila,,Israel,Israel,Hapoel Acre,Liga Leumit,ST,,,,73,75,84,38,65,35,77,active,israeli
isr_518,Raz Twizer,,Israel,Israel,Hapoel Acre,Liga Leumit,LW,,,,69,83,58,50,80,35,44,active,israeli
isr_519,Emmanuel Solomon,,Nigeria,Nigeria,Hapoel Acre,Liga Leumit,RW,,,,72,85,68,59,82,35,44,active,israeli
isr_520,Levan Kutalia,,Georgia,Georgia,Hapoel Acre,Liga Leumit,ST,,,,67,64,80,39,63,35,66,active,israeli
isr_521,Ori Azulay,,Israel,Israel,Hapoel Acre,Liga Leumit,ST,,,,62,58,73,35,58,35,60,active,israeli
isr_522,Jad Shibli,,Israel,Israel,Hapoel Acre,Liga Leumit,LW,,,,68,82,57,49,79,35,44,active,israeli
isr_523,Tamir Lalou,,Israel,Israel,Hapoel Nof HaGalil,Liga Leumit,GK,,,,72,36,35,46,42,35,51,active,israeli
isr_524,Ido Artzi,,Israel,Israel,Hapoel Nof HaGalil,Liga Leumit,GK,,,,58,35,35,39,36,35,43,active,israeli
isr_525,Omri Ohana,,Israel,Israel,Hapoel Nof HaGalil,Liga Leumit,CB,,,,69,48,35,41,44,79,76,active,israeli
isr_526,Hamidou Diallo,,Mali,Mali,Hapoel Nof HaGalil,Liga Leumit,CB,,,,71,51,35,44,38,83,81,active,israeli
isr_527,Pedro Sass,,Brazil,Brazil,Hapoel Nof HaGalil,Liga Leumit,CB,,,,71,54,35,38,41,86,84,active,israeli
isr_528,Jenia Berkman,,Israel,Israel,Hapoel Nof HaGalil,Liga Leumit,LB,,,,68,59,35,45,50,66,46,active,israeli
isr_529,Liam Bitan,,Israel,Israel,Hapoel Nof HaGalil,Liga Leumit,RB,,,,58,55,35,35,40,53,45,active,israeli
isr_530,Ayman Ali,,Israel,Israel,Hapoel Nof HaGalil,Liga Leumit,CB,,,,62,49,35,35,37,76,65,active,israeli
isr_531,Shay Mosinenko,,Israel,Israel,Hapoel Nof HaGalil,Liga Leumit,CB,,,,60,42,35,37,35,69,67,active,israeli
isr_532,Dolev Azulay,,Israel,Israel,Hapoel Nof HaGalil,Liga Leumit,CB,,,,61,46,35,35,35,73,71,active,israeli
isr_533,Mufalah Shlaata,,Israel,Israel,Hapoel Nof HaGalil,Liga Leumit,LB,,,,53,50,35,40,35,48,40,active,israeli
isr_534,Daniel Mor Yosef,,Israel,Israel,Hapoel Nof HaGalil,Liga Leumit,RB,,,,53,51,35,35,36,49,41,active,israeli
isr_535,Itamar Guri,,Israel,Israel,Hapoel Nof HaGalil,Liga Leumit,CB,,,,59,46,35,35,35,73,62,active,israeli
isr_536,Julian Shelufe,,Israel,Israel,Hapoel Nof HaGalil,Liga Leumit,CDM,,,,62,44,35,60,40,67,64,active,israeli
isr_537,Ohad Rabinovich,,Israel,Israel,Hapoel Nof HaGalil,Liga Leumit,CM,,,,58,45,41,61,44,36,42,active,israeli
isr_538,Matanel Tadesa,,Israel,Israel,Hapoel Nof HaGalil,Liga Leumit,CM,,,,59,43,39,59,50,43,39,active,israeli
isr_539,Amit Gorvich,,Israel,Israel,Hapoel Nof HaGalil,Liga Leumit,CAM,,,,57,47,47,60,62,35,38,active,israeli
isr_540,Or Dasa,,Israel,Israel,Hapoel Nof HaGalil,Liga Leumit,LM,,,,56,59,46,51,56,35,38,active,israeli
isr_541,Anas Dabour,,Israel,Israel,Hapoel Nof HaGalil,Liga Leumit,ST,,,,65,61,77,37,61,35,63,active,israeli
isr_542,Idan Golan,,Israel,Israel,Hapoel Nof HaGalil,Liga Leumit,ST,,,,72,69,86,42,68,35,71,active,israeli
isr_543,Nehorai Ifrach,,Israel,Israel,Hapoel Nof HaGalil,Liga Leumit,LW,,,,66,78,62,54,75,35,41,active,israeli
isr_544,Shahar Hirsh,,Israel,Israel,Hapoel Nof HaGalil,Liga Leumit,RW,,,,72,86,69,60,83,35,45,active,israeli
isr_545,Peter Onyekachi,,Nigeria,Nigeria,Hapoel Nof HaGalil,Liga Leumit,ST,,,,70,73,81,38,63,35,75,active,israeli
isr_546,Kennedy Musonda,,Zambia,Zambia,Hapoel Nof HaGalil,Liga Leumit,ST,,,,63,62,78,39,53,35,64,active,israeli
isr_547,Ido Elmshily,,Israel,Israel,Hapoel Nof HaGalil,Liga Leumit,LW,,,,65,77,62,54,74,35,40,active,israeli
isr_548,Muhammad Taha,,Israel,Israel,Hapoel Nof HaGalil,Liga Leumit,RW,,,,66,77,61,53,74,35,40,active,israeli
isr_549,Ofek Osher,,Israel,Israel,Hapoel Nof HaGalil,Liga Leumit,ST,,,,68,71,79,36,61,35,73,active,israeli
isr_550,Dvir Nir,,Israel,Israel,Hapoel Rishon LeZion,Liga Leumit,GK,,,,68,35,35,43,39,35,48,active,israeli
isr_551,Arik Yanko,,Israel,Israel,Hapoel Rishon LeZion,Liga Leumit,GK,,,,64,35,35,41,37,35,45,active,israeli
isr_552,Matan Peleg,,GUA,GUA,Hapoel Rishon LeZion,Liga Leumit,CB,,,,66,46,35,39,42,75,73,active,israeli
isr_553,Roei Zrihan,,Israel,Israel,Hapoel Rishon LeZion,Liga Leumit,CB,,,,64,49,35,35,37,78,76,active,israeli
isr_554,Omri Luzon,,Israel,Israel,Hapoel Rishon LeZion,Liga Leumit,CB,,,,69,46,35,39,42,86,74,active,israeli
isr_555,Ali Khatib,,Israel,Israel,Hapoel Rishon LeZion,Liga Leumit,LB,,,,60,51,35,40,44,58,40,active,israeli
isr_556,Shon Edri,,Israel,Israel,Hapoel Rishon LeZion,Liga Leumit,RB,,,,60,56,35,45,40,54,45,active,israeli
isr_557,Fadi Najar,,Israel,Israel,Hapoel Rishon LeZion,Liga Leumit,CB,,,,57,38,35,35,36,72,62,active,israeli
isr_558,Jawad Kadah,,Israel,Israel,Hapoel Rishon LeZion,Liga Leumit,CDM,,,,58,37,35,51,41,67,55,active,israeli
isr_559,Elian Rohana,,Israel,Israel,Hapoel Rishon LeZion,Liga Leumit,CM,,,,70,60,46,69,58,50,46,active,israeli
isr_560,Jekob Jeno,,NCL,NCL,Hapoel Rishon LeZion,Liga Leumit,CM,,,,71,58,52,76,56,47,53,active,israeli
isr_561,Roy Dayan,,Israel,Israel,Hapoel Rishon LeZion,Liga Leumit,CAM,,,,63,45,54,68,70,35,35,active,israeli
isr_562,Shay Sabah,,Israel,Israel,Hapoel Rishon LeZion,Liga Leumit,LM,,,,68,72,55,62,69,35,46,active,israeli
isr_563,Roi Hare,,Israel,Israel,Hapoel Rishon LeZion,Liga Leumit,RM,,,,65,70,54,60,67,35,45,active,israeli
isr_564,Evyatar Mizrahi,,Israel,Israel,Hapoel Rishon LeZion,Liga Leumit,CDM,,,,58,39,35,53,43,60,57,active,israeli
isr_565,Amit Zur,,Israel,Israel,Hapoel Rishon LeZion,Liga Leumit,CM,,,,62,46,41,62,53,45,42,active,israeli
isr_566,Manamto Asefa,,Israel,Israel,Hapoel Rishon LeZion,Liga Leumit,CM,,,,65,49,44,66,56,48,45,active,israeli
isr_567,Leroy Mondzenga,,CGO,CGO,Hapoel Rishon LeZion,Liga Leumit,CAM,,,,66,47,57,72,73,35,37,active,israeli
isr_568,Liam Levy,,Israel,Israel,Hapoel Rishon LeZion,Liga Leumit,LM,,,,62,65,49,56,71,35,41,active,israeli
isr_569,Dor Jan,,Israel,Israel,Hapoel Rishon LeZion,Liga Leumit,ST,,,,71,73,81,37,63,35,75,active,israeli
isr_570,Ahmad Khalaila,,Israel,Israel,Hapoel Rishon LeZion,Liga Leumit,ST,,,,62,62,77,39,53,35,64,active,israeli
isr_571,Amit Zenati,,Israel,Israel,Hapoel Rishon LeZion,Liga Leumit,LW,,,,68,84,59,51,81,35,37,active,israeli
isr_572,Hisham Taha,,Israel,Israel,Hapoel Rishon LeZion,Liga Leumit,RW,,,,65,77,62,54,74,35,40,active,israeli
isr_573,Daniel Hayle,,Israel,Israel,Hapoel Rishon LeZion,Liga Leumit,ST,,,,66,70,77,36,60,35,63,active,israeli
isr_574,Eligijus Jankauskas,,LIT,LIT,Hapoel Rishon LeZion,Liga Leumit,ST,,,,62,62,77,39,53,35,64,active,israeli
isr_575,Amir Berkovits,,Israel,Israel,Hapoel Rishon LeZion,Liga Leumit,LW,,,,66,79,63,55,76,35,42,active,israeli
isr_576,Sahar Hasson,,Israel,Israel,Hapoel Afula,Liga Leumit,GK,,,,57,35,35,36,35,35,40,active,israeli
isr_577,Lidor Cohen,,Israel,Israel,Hapoel Afula,Liga Leumit,GK,,,,56,35,35,38,35,35,42,active,israeli
isr_578,Nitay Bitan,,Israel,Israel,Hapoel Afula,Liga Leumit,CB,,,,67,49,35,43,37,79,77,active,israeli
isr_579,Philip Ipole,,Nigeria,Nigeria,Hapoel Afula,Liga Leumit,CB,,,,68,50,35,43,37,81,78,active,israeli
isr_580,Ofek Fishler,,Israel,Israel,Hapoel Afula,Liga Leumit,CB,,,,59,45,35,35,35,72,70,active,israeli
isr_581,Mor Naaman,,Israel,Israel,Hapoel Afula,Liga Leumit,LB,,,,56,53,35,42,37,51,42,active,israeli
isr_582,Ben Ezer Cohen,,Israel,Israel,Hapoel Afula,Liga Leumit,RB,,,,56,55,35,35,39,53,44,active,israeli
isr_583,Idan Rata,,Israel,Israel,Hapoel Afula,Liga Leumit,CB,,,,54,35,35,35,35,68,57,active,israeli
isr_584,Miloš Stojanović,,Serbia,Serbia,Hapoel Afula,Liga Leumit,CB,,,,55,39,35,35,35,63,62,active,israeli
isr_585,Roei Rabinovich,,Israel,Israel,Hapoel Afula,Liga Leumit,CDM,,,,59,43,35,49,39,65,62,active,israeli
isr_586,Yaniv Brik,,Israel,Israel,Hapoel Afula,Liga Leumit,CM,,,,65,53,48,70,51,43,49,active,israeli
isr_587,Ilay Azar,,Israel,Israel,Hapoel Afula,Liga Leumit,CM,,,,58,45,41,61,44,36,42,active,israeli
isr_588,Snir Talias,,Israel,Israel,Hapoel Afula,Liga Leumit,CAM,,,,69,50,60,75,77,35,38,active,israeli
isr_589,Ran Meir,,Israel,Israel,Hapoel Afula,Liga Leumit,LM,,,,58,67,43,49,64,35,35,active,israeli
isr_590,Orel Danan,,Israel,Israel,Hapoel Afula,Liga Leumit,RM,,,,55,62,40,45,59,35,41,active,israeli
isr_591,Liran Turgeman,,Israel,Israel,Hapoel Afula,Liga Leumit,CDM,,,,56,41,35,46,37,62,59,active,israeli
isr_592,Ilay Ben David,,Israel,Israel,Hapoel Afula,Liga Leumit,CM,,,,57,49,36,55,47,40,45,active,israeli
isr_593,Oded Checkol,,Israel,Israel,Hapoel Afula,Liga Leumit,CM,,,,67,58,44,66,56,48,44,active,israeli
isr_594,Afik Cohen,,Israel,Israel,Hapoel Afula,Liga Leumit,CAM,,,,55,40,48,61,62,35,35,active,israeli
isr_595,Yaniv Mizrahi,,Israel,Israel,Hapoel Afula,Liga Leumit,ST,,,,70,70,87,44,60,35,72,active,israeli
isr_596,Ahmed Darawshe,,Israel,Israel,Hapoel Afula,Liga Leumit,ST,,,,67,65,81,40,64,35,67,active,israeli
isr_597,Eilon Elimelech,,Israel,Israel,Hapoel Afula,Liga Leumit,LW,,,,73,88,62,53,85,35,47,active,israeli
isr_598,Kule Mbombo,,DR Congo,DR Congo,Hapoel Afula,Liga Leumit,RW,,,,63,70,56,48,76,35,35,active,israeli
isr_599,Ameer Rayan,,Israel,Israel,Hapoel Afula,Liga Leumit,ST,,,,71,70,87,43,60,35,72,active,israeli
isr_600,Orel Yehuda,,Israel,Israel,Hapoel Afula,Liga Leumit,ST,,,,70,72,80,37,62,35,74,active,israeli
isr_601,Andrézinho,,Brazil,Brazil,Hapoel Afula,Liga Leumit,LW,,,,65,80,56,48,77,35,43,active,israeli
isr_602,Nikola Đurković,,Serbia,Serbia,Hapoel Hadera,Liga Leumit,GK,,,,65,40,35,40,37,35,45,active,israeli
isr_603,Robi Levkovich,,Israel,Israel,Hapoel Hadera,Liga Leumit,GK,,,,68,40,35,41,37,35,55,active,israeli
isr_604,Shahar Mark,,Israel,Israel,Hapoel Hadera,Liga Leumit,GK,,,,60,35,35,41,35,35,45,active,israeli
isr_605,Ido Krebs,,Israel,Israel,Hapoel Hadera,Liga Leumit,CB,,,,63,43,35,38,41,72,70,active,israeli
isr_606,Abdi Farhat,,Israel,Israel,Hapoel Hadera,Liga Leumit,CB,,,,68,50,35,43,37,81,78,active,israeli
isr_607,Ilay Tomer,,Israel,Israel,Hapoel Hadera,Liga Leumit,CB,,,,61,40,35,35,37,76,65,active,israeli
isr_608,Sapir Itah,,Israel,Israel,Hapoel Hadera,Liga Leumit,LB,,,,57,54,35,35,39,52,44,active,israeli
isr_609,Roy Hazan,,Israel,Israel,Hapoel Hadera,Liga Leumit,RB,,,,63,61,35,40,44,59,49,active,israeli
isr_610,Bashar Abdach,,Israel,Israel,Hapoel Hadera,Liga Leumit,CB,,,,57,39,35,35,37,64,63,active,israeli
isr_611,Ofek Geller,,Israel,Israel,Hapoel Hadera,Liga Leumit,CB,,,,55,38,35,35,36,62,61,active,israeli
isr_612,Uri Magbo,,Israel,Israel,Hapoel Hadera,Liga Leumit,CB,,,,60,44,35,39,35,71,69,active,israeli
isr_613,Francois Dulysse,,HAI,HAI,Hapoel Hadera,Liga Leumit,LB,,,,59,54,35,43,38,52,43,active,israeli
isr_614,Lior Rokach,,Israel,Israel,Hapoel Hadera,Liga Leumit,CDM,,,,57,43,35,48,39,64,61,active,israeli
isr_615,Shlomi Azulay,,Israel,Israel,Hapoel Hadera,Liga Leumit,CM,,,,62,50,45,66,48,40,46,active,israeli
isr_616,Christian Bella,,Cameroon,Cameroon,Hapoel Hadera,Liga Leumit,CM,,,,58,45,41,61,44,36,42,active,israeli
isr_617,Mido Badarna,,Israel,Israel,Hapoel Hadera,Liga Leumit,CAM,,,,68,55,56,71,72,35,44,active,israeli
isr_618,Haim Mekonen,,Israel,Israel,Hapoel Hadera,Liga Leumit,LM,,,,59,66,42,48,63,35,43,active,israeli
isr_619,Menashe Zalka,,Israel,Israel,Hapoel Hadera,Liga Leumit,RM,,,,57,59,44,50,65,35,37,active,israeli
isr_620,Sagas Tambi,,Israel,Israel,Hapoel Hadera,Liga Leumit,CDM,,,,57,39,35,53,35,60,57,active,israeli
isr_621,Tom Aida,,Israel,Israel,Hapoel Hadera,Liga Leumit,CM,,,,55,46,35,52,44,37,43,active,israeli
isr_622,Sarel Shlomo Cohen,,Israel,Israel,Hapoel Hadera,Liga Leumit,CM,,,,53,44,35,50,42,36,41,active,israeli
isr_623,Ladji Mallé,,Mali,Mali,Hapoel Hadera,Liga Leumit,CAM,,,,68,50,60,75,76,35,39,active,israeli
isr_624,Yoav Turgeman,,Israel,Israel,Hapoel Hadera,Liga Leumit,LM,,,,61,62,47,53,68,35,38,active,israeli
isr_625,Noam Shemesh,,Israel,Israel,Hapoel Hadera,Liga Leumit,RM,,,,65,72,47,53,69,35,47,active,israeli
isr_626,Yanai Ben Shushan,,Israel,Israel,Hapoel Hadera,Liga Leumit,CDM,,,,64,42,35,58,47,74,62,active,israeli
isr_627,Itay Shalev,,Israel,Israel,Hapoel Hadera,Liga Leumit,CM,,,,64,53,40,61,51,44,49,active,israeli
isr_628,Netanel Hagani,,Israel,Israel,Hapoel Hadera,Liga Leumit,ST,,,,72,69,86,42,68,35,71,active,israeli
isr_629,Mor Fadida,,Israel,Israel,Hapoel Hadera,Liga Leumit,ST,,,,72,71,88,44,61,35,73,active,israeli
isr_630,Baseel Khoury,,Israel,Israel,Hapoel Hadera,Liga Leumit,LW,,,,64,76,61,53,73,35,39,active,israeli
isr_631,Tomer Litvinov,,Israel,Israel,Bnei Yehuda,Liga Leumit,GK,,,,65,40,35,40,37,35,45,active,israeli
isr_632,Ohad Levita,,Israel,Israel,Bnei Yehuda,Liga Leumit,GK,,,,65,35,35,42,39,35,47,active,israeli
isr_633,Amit Harel,,Israel,Israel,Bnei Yehuda,Liga Leumit,GK,,,,60,35,35,42,35,35,46,active,israeli
isr_634,Or Yitzhak,,Israel,Israel,Bnei Yehuda,Liga Leumit,GK,,,,61,36,35,36,35,35,49,active,israeli
isr_635,Tamir Berman,,Israel,Israel,Bnei Yehuda,Liga Leumit,CB,,,,65,43,35,37,40,81,70,active,israeli
isr_636,Michael Pistiner,,Israel,Israel,Bnei Yehuda,Liga Leumit,CB,,,,61,42,35,36,39,69,67,active,israeli
isr_637,Jonatan Agiyapong,,Israel,Israel,Bnei Yehuda,Liga Leumit,CB,,,,58,39,35,35,37,74,63,active,israeli
isr_638,Matan Levi,,Israel,Israel,Bnei Yehuda,Liga Leumit,LB,,,,61,52,35,40,45,59,41,active,israeli
isr_639,Stav Israeli,,Israel,Israel,Bnei Yehuda,Liga Leumit,RB,,,,65,62,35,40,45,60,50,active,israeli
isr_640,Raz Nachmias,,Israel,Israel,Bnei Yehuda,Liga Leumit,CB,,,,61,47,35,35,35,74,72,active,israeli
isr_641,Maor Kandil,,Israel,Israel,Bnei Yehuda,Liga Leumit,CB,,,,54,39,35,35,35,63,61,active,israeli
isr_642,Ilay Trost,,Israel,Israel,Bnei Yehuda,Liga Leumit,CDM,,,,64,45,35,61,41,68,65,active,israeli
isr_643,Golan Beni,,Israel,Israel,Bnei Yehuda,Liga Leumit,CM,,,,61,46,41,62,53,45,42,active,israeli
isr_644,Sagi Dror,,Israel,Israel,Bnei Yehuda,Liga Leumit,CM,,,,70,60,46,69,58,50,46,active,israeli
isr_645,Adar Ratner,,Israel,Israel,Bnei Yehuda,Liga Leumit,CAM,,,,65,55,55,70,71,35,35,active,israeli
isr_646,Shahar Mizrahi,,Israel,Israel,Bnei Yehuda,Liga Leumit,LM,,,,62,67,51,58,64,35,43,active,israeli
isr_647,Avihay Wodaje,,Israel,Israel,Bnei Yehuda,Liga Leumit,RM,,,,67,74,48,55,71,35,49,active,israeli
isr_648,Ori Hassan,,Israel,Israel,Bnei Yehuda,Liga Leumit,CDM,,,,65,45,35,61,40,69,65,active,israeli
isr_649,Yuval Piven,,Israel,Israel,Bnei Yehuda,Liga Leumit,CM,,,,64,48,44,65,55,48,44,active,israeli
isr_650,Elad Shahaf,,Israel,Israel,Bnei Yehuda,Liga Leumit,CM,,,,57,48,35,54,46,39,44,active,israeli
isr_651,Nehoray Uzana,,Israel,Israel,Bnei Yehuda,Liga Leumit,CAM,,,,65,50,59,74,66,35,39,active,israeli
isr_652,Joel Nyrako,,Ghana,Ghana,Bnei Yehuda,Liga Leumit,LM,,,,58,65,41,47,62,35,42,active,israeli
isr_653,Arad Bar,,Israel,Israel,Bnei Yehuda,Liga Leumit,RM,,,,60,67,43,49,64,35,44,active,israeli
isr_654,Victor Stînă,,Moldova,Moldova,Bnei Yehuda,Liga Leumit,CDM,,,,57,41,35,55,37,62,59,active,israeli
isr_655,Ben Hadadi,,Israel,Israel,Bnei Yehuda,Liga Leumit,ST,,,,72,71,88,44,61,35,73,active,israeli
isr_656,Rave Assayag,,Israel,Israel,Bnei Yehuda,Liga Leumit,ST,,,,73,75,84,38,65,35,77,active,israeli
isr_657,Dani Amer,,Israel,Israel,Bnei Yehuda,Liga Leumit,LW,,,,72,87,61,52,84,35,46,active,israeli
isr_658,Noam Gissim,,Israel,Israel,Bnei Yehuda,Liga Leumit,RW,,,,68,76,60,52,82,35,38,active,israeli
isr_659,Dan Drori,,Israel,Israel,F.C. Kiryat Yam,Liga Leumit,GK,,,,72,38,35,48,44,35,53,active,israeli
isr_660,Omar Nahfaoui,,PLE,PLE,F.C. Kiryat Yam,Liga Leumit,GK,,,,67,35,35,44,40,35,48,active,israeli
isr_661,Danila Yermakov,,Russia,Russia,F.C. Kiryat Yam,Liga Leumit,GK,,,,59,35,35,39,36,35,43,active,israeli
isr_662,Razi Khalifa,,Israel,Israel,F.C. Kiryat Yam,Liga Leumit,CB,,,,66,45,35,38,41,83,72,active,israeli
isr_663,Ofek Atias,,Israel,Israel,F.C. Kiryat Yam,Liga Leumit,CB,,,,67,49,35,43,37,79,77,active,israeli
isr_664,Thierry Etoungou,,Cameroon,Cameroon,F.C. Kiryat Yam,Liga Leumit,CB,,,,67,52,35,37,40,82,71,active,israeli
isr_665,Sahar Dabach,,Israel,Israel,F.C. Kiryat Yam,Liga Leumit,LB,,,,66,59,35,46,50,57,47,active,israeli
isr_666,Guy Sanker,,Israel,Israel,F.C. Kiryat Yam,Liga Leumit,RB,,,,62,54,35,42,46,61,43,active,israeli
isr_667,Roee Golan,,Israel,Israel,F.C. Kiryat Yam,Liga Leumit,CB,,,,58,41,35,36,35,67,65,active,israeli
isr_668,Noam Marelly,,Israel,Israel,F.C. Kiryat Yam,Liga Leumit,CB,,,,55,40,35,35,35,64,63,active,israeli
isr_669,Evyatar Barak,,Israel,Israel,F.C. Kiryat Yam,Liga Leumit,CDM,,,,65,43,35,59,47,76,63,active,israeli
isr_670,Yarin Serdal,,Israel,Israel,F.C. Kiryat Yam,Liga Leumit,CM,,,,66,51,46,68,58,41,47,active,israeli
isr_671,Artur Alyenikov,,Israel,Israel,F.C. Kiryat Yam,Liga Leumit,CM,,,,61,53,39,60,51,43,40,active,israeli
isr_672,Gilad Avramov,,Israel,Israel,F.C. Kiryat Yam,Liga Leumit,CAM,,,,59,45,54,67,60,35,35,active,israeli
isr_673,Yasmao Cabeda,,Israel,Israel,F.C. Kiryat Yam,Liga Leumit,LM,,,,62,63,47,54,69,35,39,active,israeli
isr_674,Liav Farada,,Israel,Israel,F.C. Kiryat Yam,Liga Leumit,RM,,,,65,70,54,60,67,35,45,active,israeli
isr_675,Dan Azaria,,Israel,Israel,F.C. Kiryat Yam,Liga Leumit,CDM,,,,64,44,35,60,40,67,64,active,israeli
isr_676,Yuval Cohen,,Israel,Israel,F.C. Kiryat Yam,Liga Leumit,CM,,,,55,44,40,59,42,35,41,active,israeli
isr_677,Niv Livnat,,Israel,Israel,F.C. Kiryat Yam,Liga Leumit,CM,,,,67,50,45,67,57,49,45,active,israeli
isr_678,Shalev Daniel,,Israel,Israel,F.C. Kiryat Yam,Liga Leumit,CAM,,,,55,42,50,63,55,35,35,active,israeli
isr_679,Yali Malka,,Israel,Israel,F.C. Kiryat Yam,Liga Leumit,ST,,,,65,66,82,42,57,35,68,active,israeli
isr_680,Lenny Nangis,,GLP,GLP,F.C. Kiryat Yam,Liga Leumit,ST,,,,70,66,83,40,65,35,68,active,israeli
isr_681,Bar Nawi,,Israel,Israel,F.C. Kiryat Yam,Liga Leumit,LW,,,,66,74,58,50,80,35,37,active,israeli
isr_682,Ilya Potkin,,Belarus,Belarus,F.C. Kiryat Yam,Liga Leumit,RW,,,,71,86,60,51,83,35,46,active,israeli
isr_683,Fadel Zbedat,,Israel,Israel,F.C. Kiryat Yam,Liga Leumit,ST,,,,59,55,70,35,55,35,57,active,israeli
isr_684,Or Pinhas,,Israel,Israel,F.C. Kiryat Yam,Liga Leumit,ST,,,,69,65,82,39,64,35,67,active,israeli
isr_685,Emmanuel Apeh,,Nigeria,Nigeria,F.C. Kiryat Yam,Liga Leumit,LW,,,,59,70,56,49,67,35,36,active,israeli
isr_686,Gal Weis,,Israel,Israel,Hapoel Kfar Shalem,Liga Leumit,GK,,,,58,35,35,35,35,35,48,active,israeli
isr_687,Roy Sason,,Israel,Israel,Hapoel Kfar Shalem,Liga Leumit,GK,,,,56,35,35,37,35,35,41,active,israeli
isr_688,Omer Kabilo,,Israel,Israel,Hapoel Kfar Shalem,Liga Leumit,GK,,,,67,36,35,46,35,35,50,active,israeli
isr_689,Noam Schwarz,,Israel,Israel,Hapoel Kfar Shalem,Liga Leumit,CB,,,,61,44,35,38,35,71,69,active,israeli
isr_690,Dominik Braun,,Croatia,Croatia,Hapoel Kfar Shalem,Liga Leumit,CB,,,,71,52,35,45,39,84,82,active,israeli
isr_691,Itay Malema,,Israel,Israel,Hapoel Kfar Shalem,Liga Leumit,CB,,,,62,49,35,35,37,76,65,active,israeli
isr_692,Amit Karadi,,Israel,Israel,Hapoel Kfar Shalem,Liga Leumit,LB,,,,60,54,35,43,38,52,43,active,israeli
isr_693,Shay Konstantini,,Israel,Israel,Hapoel Kfar Shalem,Liga Leumit,RB,,,,59,58,35,38,42,56,38,active,israeli
isr_694,João Sidónio,,Portugal,Portugal,Hapoel Kfar Shalem,Liga Leumit,CB,,,,63,46,35,41,35,75,73,active,israeli
isr_695,Ido Madvil,,Israel,Israel,Hapoel Kfar Shalem,Liga Leumit,CB,,,,59,38,35,35,36,74,63,active,israeli
isr_696,Daniel Tishler,,Israel,Israel,Hapoel Kfar Shalem,Liga Leumit,CB,,,,58,44,35,35,35,70,68,active,israeli
isr_697,Yuval Ashkenazi,,Israel,Israel,Hapoel Kfar Shalem,Liga Leumit,CDM,,,,62,42,35,58,38,65,62,active,israeli
isr_698,Lior Mashanski,,Israel,Israel,Hapoel Kfar Shalem,Liga Leumit,CM,,,,66,56,42,64,54,46,52,active,israeli
isr_699,Ohad Hazut,,Israel,Israel,Hapoel Kfar Shalem,Liga Leumit,CM,,,,64,54,41,62,52,45,50,active,israeli
isr_700,Liel Chane,,Israel,Israel,Hapoel Kfar Shalem,Liga Leumit,CAM,,,,60,43,52,65,67,35,35,active,israeli
isr_701,Guy Sivilia,,Israel,Israel,Hapoel Kfar Shalem,Liga Leumit,LM,,,,58,61,46,52,67,35,38,active,israeli
isr_702,Ram Levy,,Israel,Israel,Hapoel Kfar Shalem,Liga Leumit,RM,,,,65,71,55,61,68,35,46,active,israeli
isr_703,Abass Samari Salifu,,Ghana,Ghana,Hapoel Kfar Shalem,Liga Leumit,CDM,,,,65,44,35,60,48,68,64,active,israeli
isr_704,Ido Oli,,Israel,Israel,Hapoel Kfar Shalem,Liga Leumit,CM,,,,59,48,44,64,46,39,44,active,israeli
isr_705,Nir Hasson,,Israel,Israel,Hapoel Kfar Shalem,Liga Leumit,CM,,,,63,49,45,66,48,40,45,active,israeli
isr_706,Eitan Aharon,,Israel,Israel,Hapoel Kfar Shalem,Liga Leumit,ST,,,,75,76,94,48,66,35,79,active,israeli
isr_707,Jacob Gouriye,,Netherlands,Netherlands,Hapoel Kfar Shalem,Liga Leumit,ST,,,,67,65,81,40,64,35,67,active,israeli
isr_708,Or Roizman,,Israel,Israel,Hapoel Kfar Shalem,Liga Leumit,LW,,,,64,72,57,49,78,35,35,active,israeli
isr_709,Eyal Hen,,Israel,Israel,Hapoel Kfar Shalem,Liga Leumit,RW,,,,66,82,57,49,79,35,36,active,israeli
isr_710,Roei Ben Shimon,,Israel,Israel,Hapoel Kfar Shalem,Liga Leumit,ST,,,,67,69,76,35,59,35,71,active,israeli
isr_711,Ben Yehezkel,,Israel,Israel,Hapoel Kfar Shalem,Liga Leumit,ST,,,,58,54,69,35,54,35,56,active,israeli
isr_712,Ebenezer Mamatah,,Ghana,Ghana,Hapoel Kfar Shalem,Liga Leumit,LW,,,,56,68,46,40,65,35,37,active,israeli
isr_713,Yehuda Balay,,Israel,Israel,Hapoel Kfar Shalem,Liga Leumit,RW,,,,63,73,59,51,70,35,38,active,israeli
isr_714,Noam Shahar,,Israel,Israel,Hapoel Kfar Shalem,Liga Leumit,ST,,,,63,62,78,39,53,35,64,active,israeli
isr_715,Noam Rudik,,Israel,Israel,F.C. Kafr Qasim,Liga Leumit,GK,,,,69,40,35,41,37,35,55,active,israeli
isr_716,Matan Galanti,,Israel,Israel,F.C. Kafr Qasim,Liga Leumit,GK,,,,65,35,35,44,35,35,49,active,israeli
isr_717,Alaa Jafar,,Israel,Israel,F.C. Kafr Qasim,Liga Leumit,CB,,,,67,50,35,35,38,80,78,active,israeli
isr_718,Omri Amer,,Israel,Israel,F.C. Kafr Qasim,Liga Leumit,CB,,,,63,49,35,35,38,78,67,active,israeli
isr_719,Karem Amer,,Israel,Israel,F.C. Kafr Qasim,Liga Leumit,CB,,,,63,46,35,41,35,75,73,active,israeli
isr_720,Mohammed Taha,,Israel,Israel,F.C. Kafr Qasim,Liga Leumit,LB,,,,60,53,35,42,46,51,42,active,israeli
isr_721,Liam Shahar,,Israel,Israel,F.C. Kafr Qasim,Liga Leumit,RB,,,,65,58,35,45,50,56,46,active,israeli
isr_722,Ahmed Taha,,PLE,PLE,F.C. Kafr Qasim,Liga Leumit,CB,,,,58,43,35,38,35,69,67,active,israeli
isr_724,Qotayba Haj Yahya,,Israel,Israel,F.C. Kafr Qasim,Liga Leumit,CB,,,,63,44,35,39,35,73,71,active,israeli
isr_725,Lidor Cohen,,Israel,Israel,F.C. Kafr Qasim,Liga Leumit,CDM,,,,68,50,35,57,45,75,71,active,israeli
isr_726,Gaby Joury,,Israel,Israel,F.C. Kafr Qasim,Liga Leumit,CM,,,,62,52,38,59,50,42,48,active,israeli
isr_727,Zaffer Issa,,Israel,Israel,F.C. Kafr Qasim,Liga Leumit,CM,,,,67,57,43,65,55,47,52,active,israeli
isr_728,Godfred Atuahene,,Ghana,Ghana,F.C. Kafr Qasim,Liga Leumit,CAM,,,,60,48,57,70,63,35,38,active,israeli
isr_729,Omar Awadi,,Israel,Israel,F.C. Kafr Qasim,Liga Leumit,LM,,,,60,61,46,52,67,35,38,active,israeli
isr_730,Majd Sharif,,Israel,Israel,F.C. Kafr Qasim,Liga Leumit,RM,,,,63,68,52,58,65,35,44,active,israeli
isr_731,Ryan Ashmuz,,Israel,Israel,F.C. Kafr Qasim,Liga Leumit,CDM,,,,54,35,35,48,39,62,51,active,israeli
isr_732,Adham Swaed,,Israel,Israel,F.C. Kafr Qasim,Liga Leumit,CM,,,,56,41,37,56,48,41,37,active,israeli
isr_733,Abed Hamouda,,Israel,Israel,F.C. Kafr Qasim,Liga Leumit,CM,,,,67,54,49,71,52,44,49,active,israeli
isr_734,Anas Sarsur,,Israel,Israel,F.C. Kafr Qasim,Liga Leumit,ST,,,,65,65,81,41,56,35,67,active,israeli
isr_735,Mohammad Awwad,,Israel,Israel,F.C. Kafr Qasim,Liga Leumit,ST,,,,73,76,85,39,66,35,78,active,israeli
isr_736,Samah Mar'ab,,Israel,Israel,F.C. Kafr Qasim,Liga Leumit,LW,,,,63,71,57,49,77,35,36,active,israeli
isr_737,Amir Altoury,,Israel,Israel,F.C. Kafr Qasim,Liga Leumit,RW,,,,61,71,57,50,68,35,37,active,israeli
isr_738,Basel Shaban,,Israel,Israel,F.C. Kafr Qasim,Liga Leumit,ST,,,,69,66,83,40,65,35,68,active,israeli
isr_739,Christian Agu,,Nigeria,Nigeria,F.C. Kafr Qasim,Liga Leumit,ST,,,,70,69,86,43,59,35,71,active,israeli
isr_740,Ilay Tzeiri,,Israel,Israel,F.C. Kafr Qasim,Liga Leumit,LW,,,,66,76,60,52,82,35,39,active,israeli
isr_741,Mahmoud Sarsur,,Israel,Israel,F.C. Kafr Qasim,Liga Leumit,RW,,,,65,81,57,49,78,35,35,active,israeli
isr_742,Ibrahim Badir,,Israel,Israel,F.C. Kafr Qasim,Liga Leumit,ST,,,,63,66,73,35,57,35,68,active,israeli
isr_743,Roy Baranes,,Israel,Israel,Maccabi Jaffa,Liga Leumit,GK,,,,62,35,35,40,37,35,45,active,israeli
isr_744,Netanel Daloya,,Israel,Israel,Maccabi Jaffa,Liga Leumit,GK,,,,62,38,35,38,35,35,43,active,israeli
isr_745,Reef Ori,,Israel,Israel,Maccabi Jaffa,Liga Leumit,CB,,,,67,52,35,37,40,82,71,active,israeli
isr_746,Roy Levi,,Israel,Israel,Maccabi Jaffa,Liga Leumit,CB,,,,64,45,35,39,35,74,72,active,israeli
isr_747,Michael Chilaka,,Israel,Israel,Maccabi Jaffa,Liga Leumit,CB,,,,62,46,35,40,35,73,71,active,israeli
isr_748,David Tiram,,Israel,Israel,Maccabi Jaffa,Liga Leumit,LB,,,,58,52,35,41,37,50,42,active,israeli
isr_749,Dan Sirkis,,Israel,Israel,Maccabi Jaffa,Liga Leumit,RB,,,,59,52,35,41,45,50,41,active,israeli
isr_750,Avi Turgeman,,Israel,Israel,Maccabi Jaffa,Liga Leumit,CB,,,,57,39,35,35,37,64,63,active,israeli
isr_751,Nir Guetta,,Israel,Israel,Maccabi Jaffa,Liga Leumit,CB,,,,59,41,35,36,35,68,66,active,israeli
isr_752,Ofer Gelbard,,Israel,Israel,Maccabi Jaffa,Liga Leumit,CB,,,,60,47,35,35,36,74,63,active,israeli
isr_753,Adir Maya,,Israel,Israel,Maccabi Jaffa,Liga Leumit,LB,,,,59,54,35,43,38,52,43,active,israeli
isr_754,Niv Fliter,,Israel,Israel,Maccabi Jaffa,Liga Leumit,RB,,,,64,59,35,47,42,57,47,active,israeli
isr_755,Najwan Khatib,,Israel,Israel,Maccabi Jaffa,Liga Leumit,CB,,,,64,46,35,40,35,75,73,active,israeli
isr_756,Shavit Elgabi,,Israel,Israel,Maccabi Jaffa,Liga Leumit,CB,,,,59,45,35,35,35,72,70,active,israeli
isr_757,Sali Ganon,,Israel,Israel,Maccabi Jaffa,Liga Leumit,CDM,,,,65,47,35,63,42,71,67,active,israeli
isr_758,Gal Levi,,Israel,Israel,Maccabi Jaffa,Liga Leumit,CM,,,,59,51,38,58,49,42,38,active,israeli
isr_759,Dolev Balulu,,Israel,Israel,Maccabi Jaffa,Liga Leumit,CM,,,,68,56,42,65,55,46,52,active,israeli
isr_760,Matan Beit Ya'akov,,Israel,Israel,Maccabi Jaffa,Liga Leumit,CAM,,,,69,57,58,73,75,35,45,active,israeli
isr_761,Gadi Assous,,Israel,Israel,Maccabi Jaffa,Liga Leumit,LM,,,,63,65,49,55,71,35,41,active,israeli
isr_762,Sagiv Elbaz,,Israel,Israel,Maccabi Jaffa,Liga Leumit,RM,,,,62,64,48,55,70,35,40,active,israeli
isr_763,Sammy Adam,,SUD,SUD,Maccabi Jaffa,Liga Leumit,CDM,,,,54,37,35,51,35,56,54,active,israeli
isr_764,Yoel Abuhatzira,,Israel,Israel,Maccabi Jaffa,Liga Leumit,CM,,,,58,49,36,56,48,40,46,active,israeli
isr_765,Goran Antonić,,Croatia,Croatia,Maccabi Jaffa,Liga Leumit,CM,,,,64,52,48,69,50,43,48,active,israeli
isr_766,Ronen Peretz,,Israel,Israel,Maccabi Jaffa,Liga Leumit,CAM,,,,56,48,47,60,61,35,35,active,israeli
isr_767,Itay Zada,,Israel,Israel,Maccabi Jaffa,Liga Leumit,LM,,,,66,68,51,58,74,35,43,active,israeli
isr_768,Guy Itzhaki,,Israel,Israel,Maccabi Jaffa,Liga Leumit,ST,,,,65,67,74,35,58,35,69,active,israeli
isr_769,Gil Itzhak,,Israel,Israel,Maccabi Jaffa,Liga Leumit,ST,,,,69,69,86,43,59,35,71,active,israeli
isr_770,Innocent Kingsley,,Nigeria,Nigeria,Maccabi Jaffa,Liga Leumit,LW,,,,62,70,56,48,76,35,35,active,israeli
isr_772,Eliran Tabibian,,Israel,Israel,Maccabi Jaffa,Liga Leumit,ST,,,,63,63,79,40,54,35,65,active,israeli
isr_773,Tamir Stoller,,Israel,Israel,Ironi Modi'in,Liga Leumit,GK,,,,57,35,35,35,35,35,47,active,israeli
isr_774,Guy Sahar,,Israel,Israel,Ironi Modi'in,Liga Leumit,GK,,,,65,35,35,42,39,35,47,active,israeli
isr_775,Ofri Boaron,,Israel,Israel,Ironi Modi'in,Liga Leumit,GK,,,,62,35,35,44,35,35,49,active,israeli
isr_776,Shalev Samareli,,Israel,Israel,Ironi Modi'in,Liga Leumit,CB,,,,61,44,35,38,35,71,69,active,israeli
isr_777,Guy Eini,,Israel,Israel,Ironi Modi'in,Liga Leumit,CB,,,,69,53,35,37,40,84,81,active,israeli
isr_778,Omer Adler,,Israel,Israel,Ironi Modi'in,Liga Leumit,CB,,,,65,45,35,39,42,74,72,active,israeli
isr_779,Sagi Israeli,,Israel,Israel,Ironi Modi'in,Liga Leumit,LB,,,,66,64,35,42,46,62,52,active,israeli
isr_780,Or Daabul,,Israel,Israel,Ironi Modi'in,Liga Leumit,RB,,,,59,56,35,36,40,54,45,active,israeli
isr_781,Amir Ella,,Israel,Israel,Ironi Modi'in,Liga Leumit,CB,,,,64,50,35,35,38,79,68,active,israeli
isr_782,Ben Yehezkel,,Israel,Israel,Ironi Modi'in,Liga Leumit,CB,,,,53,40,35,35,35,64,62,active,israeli
isr_783,Hilay Melman,,Israel,Israel,Ironi Modi'in,Liga Leumit,CB,,,,60,44,35,39,35,71,69,active,israeli
isr_784,Samuel Broun,,Israel,Israel,Ironi Modi'in,Liga Leumit,CDM,,,,68,45,35,61,49,79,66,active,israeli
isr_785,Eli Magar,,Israel,Israel,Ironi Modi'in,Liga Leumit,CM,,,,67,50,45,67,57,49,45,active,israeli
isr_786,Ori Edri,,Israel,Israel,Ironi Modi'in,Liga Leumit,CM,,,,66,49,44,66,56,48,45,active,israeli
isr_787,Tomer Benbeinshti,,Israel,Israel,Ironi Modi'in,Liga Leumit,CAM,,,,70,53,63,78,80,35,41,active,israeli
isr_788,Amir Sabag,,Israel,Israel,Ironi Modi'in,Liga Leumit,LM,,,,65,69,53,59,66,35,44,active,israeli
isr_789,Nir Lax,,Israel,Israel,Ironi Modi'in,Liga Leumit,RM,,,,58,60,45,51,66,35,37,active,israeli
isr_790,Romi Cohen,,Israel,Israel,Ironi Modi'in,Liga Leumit,CDM,,,,55,38,35,52,35,58,55,active,israeli
isr_791,Guy Amsalem,,Israel,Israel,Ironi Modi'in,Liga Leumit,ST,,,,65,68,75,35,59,35,70,active,israeli
isr_792,Yarin Machluf,,Israel,Israel,Ironi Modi'in,Liga Leumit,ST,,,,66,69,76,35,59,35,71,active,israeli
isr_793,Yan Yusupov,,Israel,Israel,Ironi Modi'in,Liga Leumit,LW,,,,66,77,61,53,74,35,40,active,israeli
isr_794,Yoav Tomer,,Israel,Israel,Ironi Modi'in,Liga Leumit,RW,,,,65,76,61,53,73,35,39,active,israeli
isr_795,Sagi Genis,,Israel,Israel,Ironi Modi'in,Liga Leumit,ST,,,,60,59,74,37,50,35,61,active,israeli
isr_796,Itamar Israeli,,Israel,Israel,Hapoel Ramat Gan,Liga Leumit,GK,,,,61,37,35,37,35,35,50,active,israeli
isr_797,Amit Reif,,Israel,Israel,Hapoel Ramat Gan,Liga Leumit,GK,,,,59,35,35,38,35,35,42,active,israeli
isr_798,Ben Parduaro,,Israel,Israel,Hapoel Ramat Gan,Liga Leumit,GK,,,,56,35,35,35,35,35,45,active,israeli
isr_799,Nir Bardea,,Israel,Israel,Hapoel Ramat Gan,Liga Leumit,CB,,,,60,45,35,35,35,72,70,active,israeli
isr_800,Mohammed Adams,,Ghana,Ghana,Hapoel Ramat Gan,Liga Leumit,CB,,,,69,47,35,40,43,87,75,active,israeli
isr_801,Moshe Meir,,Israel,Israel,Hapoel Ramat Gan,Liga Leumit,CB,,,,65,48,35,42,36,77,75,active,israeli
isr_802,Amit Banay,,Israel,Israel,Hapoel Ramat Gan,Liga Leumit,LB,,,,62,55,35,43,47,53,44,active,israeli
isr_803,Dudu Twitto,,Israel,Israel,Hapoel Ramat Gan,Liga Leumit,RB,,,,56,56,35,36,40,54,36,active,israeli
isr_804,Fares Agbaria,,Israel,Israel,Hapoel Ramat Gan,Liga Leumit,CB,,,,60,40,35,35,38,76,65,active,israeli
isr_805,Or Dadia,,Israel,Israel,Hapoel Ramat Gan,Liga Leumit,CB,,,,64,46,35,40,35,75,73,active,israeli
isr_806,Niv Sardal,,Israel,Israel,Hapoel Ramat Gan,Liga Leumit,CB,,,,61,47,35,35,35,74,72,active,israeli
isr_807,Jay Livne,,Israel,Israel,Hapoel Ramat Gan,Liga Leumit,CDM,,,,55,41,35,46,36,61,58,active,israeli
isr_808,Amit Meir,,Israel,Israel,Hapoel Ramat Gan,Liga Leumit,CM,,,,59,48,44,64,46,39,44,active,israeli
isr_809,Degats Worko,,Israel,Israel,Hapoel Ramat Gan,Liga Leumit,CM,,,,66,55,41,63,53,45,51,active,israeli
isr_810,Ido Mizrahi,,Israel,Israel,Hapoel Ramat Gan,Liga Leumit,CAM,,,,56,48,47,60,61,35,35,active,israeli
isr_811,Nadav Markovitch,,Israel,Israel,Hapoel Ramat Gan,Liga Leumit,LM,,,,58,61,46,52,67,35,38,active,israeli
isr_812,Gidi Kanyuk,,Israel,Israel,Hapoel Ramat Gan,Liga Leumit,RM,,,,59,66,42,48,63,35,43,active,israeli
isr_813,Moti Barshazky,,Israel,Israel,Hapoel Ramat Gan,Liga Leumit,CDM,,,,59,37,35,52,42,68,56,active,israeli
isr_814,Ollie Cohen Bergman,,Israel,Israel,Hapoel Ramat Gan,Liga Leumit,CM,,,,59,50,37,57,48,41,46,active,israeli
isr_815,Ravid Abergil,,Israel,Israel,Hapoel Ramat Gan,Liga Leumit,ST,,,,70,68,85,42,67,35,70,active,israeli
isr_816,Sodiq Fatai,,Nigeria,Nigeria,Hapoel Ramat Gan,Liga Leumit,ST,,,,60,63,69,35,54,35,65,active,israeli
isr_817,Hod Messika,,Israel,Israel,Hapoel Ramat Gan,Liga Leumit,LW,,,,65,80,56,48,77,35,43,active,israeli
isr_818,Yuval Sason,,Israel,Israel,Hapoel Ramat Gan,Liga Leumit,RW,,,,73,83,66,57,89,35,42,active,israeli
isr_819,Ezekiel Henty,,Nigeria,Nigeria,Hapoel Ramat Gan,Liga Leumit,ST,,,,66,65,81,40,55,35,67,active,israeli
isr_820,David Asanka,,Israel,Israel,Hapoel Ramat Gan,Liga Leumit,ST,,,,61,59,74,36,59,35,61,active,israeli
